MTD	submitter_name	Oliver Maus							
MTD	submitter_email	omaus@bio.uni-kl.de							
MTD	submitter_affiliation	Technical University Kaiserslautern							
MTD	submitter_pride_login	omaus@bio.uni-kl.de							
MTD	lab_head_name	test test							
MTD	lab_head_email	testestest@test.com							
MTD	lab_head_affiliation	testestest							
MTD	project_title	testestestestestestestestestest							
MTD	project_description	testestestestestestestestestestestestestestestestestestestestestestestestestestestestestestestestestestestestestestestestestestestestestest							
MTD	project_tag	Antibodies (B/D-HPP)							
MTD	project_tag	Biology/Disease-Driven Human Proteome Project (B/D-HPP)							
MTD	project_tag	Human Proteome Project							
MTD	keywords	test							
MTD	sample_processing_protocol	testestestestestestestestestestestestestestestestestestestestestestestestestestestestestestestestestestestestestestestestestestestestestestestestest							
MTD	data_processing_protocol	testestestestestestestestestestestestestestestestestestestestestestestestestestestestestestestestestestestestestestestestest							
MTD	experiment_type	"[PO, PO:00001, ShotgunPewPew, ]"							
MTD	submission_type	COMPLETE							
MTD	species	"[NEWT, 7460, Apis mellifera (Honeybee), ]"							
MTD	tissue	"[PRIDE, PRIDE:0000442, Tissue not applicable to dataset, ]"							
MTD	cell_type	"[CL, CL:0000236, B cell, ]"							
MTD	disease	"[DOID, DOID:5928, autosomal recessive polycystic kidney, ]"							
MTD	instrument	"[MS, MS:1000447, LTQ, ]"							
MTD	modification	"[PRIDE, PRIDE:0000398, No PTMs are included in the dataset, ]"							
MTD	quantification	"[MS, MS:1001839, metabolic labeling 14N / 15N quantitation analysis, ]"							
MTD	quantification	"[PRIDE, PRIDE:0000318, 18O, ]"							
									
FMH	file_id	file_type	file_path	file_mapping					
FME	6	PEAK	C:\Users\Mauso\Google Drive\CSB-Stuff\NFDI\Mz test files\1.mzML						
FME	7	PEAK	C:\Users\Mauso\Google Drive\CSB-Stuff\NFDI\Mz test files\2.mzML						
FME	8	PEAK	C:\Users\Mauso\Google Drive\CSB-Stuff\NFDI\Mz test files\3.mzML						
FME	10	RAW	C:\Users\Mauso\Google Drive\CSB-Stuff\NFDI\Mz test files\20200704MS186SEma001.wiff						
FME	11	OTHER	C:\Users\Mauso\Google Drive\CSB-Stuff\NFDI\Mz test files\20200704MS186SEma001.wiff.MzIOmodel						
FME	12	RAW	C:\Users\Mauso\Google Drive\CSB-Stuff\NFDI\Mz test files\20200704MS186SEma001.wiff.scan						
FME	13	RESULT	C:\Users\Mauso\Google Drive\CSB-Stuff\NFDI\Mz test files\forValidation.mztab	"6,7,8,10,11,12"					
									
SMH	file_id	species	tissue	cell_type	disease	modification	instrument	quantification	experimental_factor
SME	13	"[NEWT, 7460, Apis mellifera (Honeybee), ]"	"[PRIDE, PRIDE:0000442, Tissue not applicable to dataset, ]"	"[CL, CL:0000236, B cell, ]"	"[DOID, DOID:5928, autosomal recessive polycystic kidney, ]"	"[PRIDE, PRIDE:0000398, No PTMs are included in the dataset, ]"	"[MS, MS:1000447, LTQ, ]"	"[MS, MS:1001839, metabolic labeling 14N / 15N quantitation analysis, ],[PRIDE, PRIDE:0000318, 18O, ]"	Not provided
COM	Version:2.5.2								
COM	Dataset License:CC0								