<?xml version="1.0" encoding="UTF-8"?>
<CHECKLIST_SET>
<CHECKLIST accession="ERC000038" checklistType="Sample">
          <IDENTIFIERS>
               <PRIMARY_ID>ERC000038</PRIMARY_ID>
          </IDENTIFIERS>
          <DESCRIPTOR>
               <LABEL>ENA Shellfish Checklist</LABEL>
               <NAME>ENA Shellfish Checklist</NAME>
               <DESCRIPTION>Shellfish contextual information associated with molecular data. The checklist has been developed in collaboration with EMBRIC Project partners.</DESCRIPTION>
               <AUTHORITY>ENA</AUTHORITY>
               <FIELD_GROUP restrictionType="Any number or none of the fields">
                    <NAME>Marine Event</NAME>
                    <FIELD>
                         <LABEL>Event Date/Time</LABEL>
                         <NAME>Event Date/Time</NAME>
                         <DESCRIPTION>Date and time in UTC when the sampling event started and ended, e.g. each CTD cast, net tow, or bucket collection is a distinct event. Format: yyyy-mm-ddThh:mm:ssZ. Example: 2013-06-21T14:05:00Z/2013-06-21T14:46:00Z.</DESCRIPTION>
                         <FIELD_TYPE>
                              <TEXT_FIELD>
                                   <REGEX_VALUE>^[0-9]{4}(-[0-9]{2}(-[0-9]{2}(T[0-9]{2}:[0-9]{2}(:[0-9]{2})?Z?([+-][0-9]{1,2})?)?)?)?(/[0-9]{4}(-[0-9]{2}(-[0-9]{2}(T[0-9]{2}:[0-9]{2}(:[0-9]{2})?Z?([+-][0-9]{1,2})?)?)?)?)?$</REGEX_VALUE>
                              </TEXT_FIELD>
                         </FIELD_TYPE>
                         <MANDATORY>mandatory</MANDATORY>
                         <MULTIPLICITY>single</MULTIPLICITY>
                    </FIELD>
                    <FIELD>
                         <LABEL>Latitude Start</LABEL>
                         <NAME>Latitude Start</NAME>
                         <DESCRIPTION>Latitude of the location where the sampling event started, e.g. each CTD cast, net tow, or bucket collection is a distinct event. Format: ##.####, Decimal degrees; North= +, South= -; Use WGS 84 for GPS data. Example: -24.6666.</DESCRIPTION>
                         <UNITS>
                              <UNIT>DD</UNIT>
                         </UNITS>
                         <FIELD_TYPE>
                              <TEXT_FIELD>
                                   <REGEX_VALUE>[+-]?[0-9]+.?[0-9]*</REGEX_VALUE>
                              </TEXT_FIELD>
                         </FIELD_TYPE>
                         <MANDATORY>mandatory</MANDATORY>
                         <MULTIPLICITY>single</MULTIPLICITY>
                    </FIELD>
                    <FIELD>
                         <LABEL>Longitude Start</LABEL>
                         <NAME>Longitude Start</NAME>
                         <DESCRIPTION>Longitude of the location where the sampling event started, e.g. each CTD cast, net tow, or bucket collection is a distinct event. Format: ###.####, Decimal degrees; East= +, West= -; Use WGS 84 for GPS data. Example: -096.1012.</DESCRIPTION>
                         <UNITS>
                              <UNIT>DD</UNIT>
                         </UNITS>
                         <FIELD_TYPE>
                              <TEXT_FIELD>
                                   <REGEX_VALUE>[+-]?[0-9]+.?[0-9]*</REGEX_VALUE>
                              </TEXT_FIELD>
                         </FIELD_TYPE>
                         <MANDATORY>mandatory</MANDATORY>
                         <MULTIPLICITY>single</MULTIPLICITY>
                    </FIELD>
               </FIELD_GROUP>
               <FIELD_GROUP restrictionType="Any number or none of the fields">
                    <NAME>Marine Sample</NAME>
                    <FIELD>
                         <LABEL>Depth</LABEL>
                         <NAME>Depth</NAME>
                         <DESCRIPTION>The distance below the surface of the water at which a measurement was made or a sample was collected. Format: ####.##, Positive below the sea surface. SDN:P06:46:ULAA for m. Example: 14.71</DESCRIPTION>
                         <UNITS>
                              <UNIT>m</UNIT>
                         </UNITS>
                         <FIELD_TYPE>
                              <TEXT_FIELD>
                                   <REGEX_VALUE>([0-9]*\.)?[0-9]+\s?([-]\s?([0-9]*\.)?[0-9]+)?</REGEX_VALUE>
                              </TEXT_FIELD>
                         </FIELD_TYPE>
                         <MANDATORY>mandatory</MANDATORY>
                         <MULTIPLICITY>single</MULTIPLICITY>
                    </FIELD>
                    <FIELD>
                         <LABEL>Sample Collection Device</LABEL>
                         <NAME>Sample Collection Device</NAME>
                         <DESCRIPTION>The sampling device(s) used for the Event. Example: CTD(sbe9C)/Rosette with Niskin bottles.</DESCRIPTION>
                         <FIELD_TYPE>
                              <TEXT_FIELD/>
                         </FIELD_TYPE>
                         <MANDATORY>optional</MANDATORY>
                         <MULTIPLICITY>single</MULTIPLICITY>
                    </FIELD>
                    <FIELD>
                         <LABEL>Protocol Label</LABEL>
                         <NAME>Protocol Label</NAME>
                         <DESCRIPTION>Identifies the protocol used to produce the sample, e.g. filtration and preservation. Example: BACT_NUC_W0.22-1.6.</DESCRIPTION>
                         <FIELD_TYPE>
                              <TEXT_FIELD/>
                         </FIELD_TYPE>
                         <MANDATORY>mandatory</MANDATORY>
                         <MULTIPLICITY>single</MULTIPLICITY>
                    </FIELD>
               </FIELD_GROUP>
               <FIELD_GROUP restrictionType="Any number or none of the fields">
                    <NAME>Collection event information</NAME>
                    <FIELD>
                         <LABEL>broad-scale environmental context</LABEL>
                         <SYNONYM>environment (biome)</SYNONYM>
                         <NAME>broad-scale environmental context</NAME>
                         <DESCRIPTION>Report the major environmental system the sample or specimen came from. The system(s) identified should have a coarse spatial grain, to provide the general environmental context of where the sampling was done (e.g. in the desert or a rainforest). We recommend using subclasses of EnvO’s biome class: http://purl.obolibrary.org/obo/ENVO_00000428. EnvO documentation about how to use the field: https://github.com/EnvironmentOntology/envo/wiki/Using-ENVO-with-MIxS.</DESCRIPTION>
                         <FIELD_TYPE>
                              <TEXT_FIELD/>
                         </FIELD_TYPE>
                         <MANDATORY>mandatory</MANDATORY>
                         <MULTIPLICITY>single</MULTIPLICITY>
                    </FIELD>
                    <FIELD>
                         <LABEL>local environmental context</LABEL>
                         <SYNONYM>environment (feature)</SYNONYM>
                         <NAME>local environmental context</NAME>
                         <DESCRIPTION>Report the entity or entities which are in the sample or specimen’s local vicinity and which you believe have significant causal influences on your sample or specimen. We recommend using EnvO terms which are of smaller spatial grain than your entry for "broad-scale environmental context". Terms, such as anatomical sites, from other OBO Library ontologies which interoperate with EnvO (e.g. UBERON) are accepted in this field. EnvO documentation about how to use the field: https://github.com/EnvironmentOntology/envo/wiki/Using-ENVO-with-MIxS.</DESCRIPTION>
                         <FIELD_TYPE>
                              <TEXT_FIELD/>
                         </FIELD_TYPE>
                         <MANDATORY>mandatory</MANDATORY>
                         <MULTIPLICITY>multiple</MULTIPLICITY>
                    </FIELD>
                    <FIELD>
                         <LABEL>environmental medium</LABEL>
                         <SYNONYM>environment (material)</SYNONYM>
                         <NAME>environmental medium</NAME>
                         <DESCRIPTION>Report the environmental material(s) immediately surrounding the sample or specimen at the time of sampling. We recommend using subclasses of 'environmental material' (http://purl.obolibrary.org/obo/ENVO_00010483). EnvO documentation about how to use the field: https://github.com/EnvironmentOntology/envo/wiki/Using-ENVO-with-MIxS . Terms from other OBO ontologies are permissible as long as they reference mass/volume nouns (e.g. air, water, blood) and not discrete, countable entities (e.g. a tree, a leaf, a table top).</DESCRIPTION>
                         <FIELD_TYPE>
                              <TEXT_FIELD/>
                         </FIELD_TYPE>
                         <MANDATORY>mandatory</MANDATORY>
                         <MULTIPLICITY>single</MULTIPLICITY>
                    </FIELD>
               </FIELD_GROUP>
               <FIELD_GROUP restrictionType="Any number or none of the fields">
                    <NAME>Marine Sampling</NAME>
                    <FIELD>
                         <LABEL>Sampling Campaign</LABEL>
                         <NAME>Sampling Campaign</NAME>
                         <DESCRIPTION>Refers to a finite or indefinite activity aiming at collecting data/samples, e.g. a cruise, a time series, a mesocosm experiment. Example: TARA_20110401Z.</DESCRIPTION>
                         <FIELD_TYPE>
                              <TEXT_FIELD/>
                         </FIELD_TYPE>
                         <MANDATORY>mandatory</MANDATORY>
                         <MULTIPLICITY>single</MULTIPLICITY>
                    </FIELD>
                    <FIELD>
                         <LABEL>Sampling Station</LABEL>
                         <SYNONYM>Sampling Site</SYNONYM>
                         <NAME>Sampling Station</NAME>
                         <DESCRIPTION>Refers to the site/station where data/sample collection is performed. Example: TARA_100.</DESCRIPTION>
                         <FIELD_TYPE>
                              <TEXT_FIELD/>
                         </FIELD_TYPE>
                         <MANDATORY>mandatory</MANDATORY>
                         <MULTIPLICITY>single</MULTIPLICITY>
                    </FIELD>
                    <FIELD>
                         <LABEL>Sampling Platform</LABEL>
                         <NAME>Sampling Platform</NAME>
                         <DESCRIPTION>Refers to the unique stage from which the sampling device has been deployed. Includes Platform category from SDN:L06, http://seadatanet.maris2.nl/v_bodc_vocab_v2/search.asp?lib=L06, and Platform name. Example: Research Vessel Tara.</DESCRIPTION>
                         <FIELD_TYPE>
                              <TEXT_FIELD/>
                         </FIELD_TYPE>
                         <MANDATORY>mandatory</MANDATORY>
                         <MULTIPLICITY>single</MULTIPLICITY>
                    </FIELD>
               </FIELD_GROUP>
               <FIELD_GROUP restrictionType="Any number or none of the fields">
                    <NAME>sample collection</NAME>
                    <FIELD>
                         <LABEL>storage conditions (fresh/frozen/other)</LABEL>
                         <NAME>storage conditions (fresh/frozen/other)</NAME>
                         <DESCRIPTION>explain how and for how long the soil sample was stored before DNA extraction.</DESCRIPTION>
                         <FIELD_TYPE>
                              <TEXT_FIELD/>
                         </FIELD_TYPE>
                         <MANDATORY>optional</MANDATORY>
                         <MULTIPLICITY>single</MULTIPLICITY>
                    </FIELD>
                    <FIELD>
                         <LABEL>sample health state</LABEL>
                         <NAME>sample health state</NAME>
                         <DESCRIPTION>health status of the subject at the time of sample collection</DESCRIPTION>
                         <FIELD_TYPE>
                              <TEXT_CHOICE_FIELD>
                                   <TEXT_VALUE>
                                        <VALUE>diseased</VALUE>
                                   </TEXT_VALUE>
                                   <TEXT_VALUE>
                                        <VALUE>healthy</VALUE>
                                   </TEXT_VALUE>
                              </TEXT_CHOICE_FIELD>
                         </FIELD_TYPE>
                         <MANDATORY>optional</MANDATORY>
                         <MULTIPLICITY>single</MULTIPLICITY>
                    </FIELD>
                    <FIELD>
                         <LABEL>sample disease status</LABEL>
                         <NAME>sample disease status</NAME>
                         <DESCRIPTION>list of diseases with which the subject has been diagnosed at the time of sample collection; can include multiple diagnoses; the value of the field depends on subject; e.g. Charcoal rot (Macrophomina phaseolina), Late wilt (Cephalosporium maydis)</DESCRIPTION>
                         <FIELD_TYPE>
                              <TEXT_FIELD/>
                         </FIELD_TYPE>
                         <MANDATORY>optional</MANDATORY>
                         <MULTIPLICITY>single</MULTIPLICITY>
                    </FIELD>
               </FIELD_GROUP>
               <FIELD_GROUP restrictionType="Any number or none of the fields">
                    <NAME>Marine Environment</NAME>
                    <FIELD>
                         <LABEL>Marine Region</LABEL>
                         <NAME>Marine Region</NAME>
                         <DESCRIPTION>The geographical origin of the sample as defined by the marine region name chosen from the Marine Regions vocabulary at http://www.marineregions.org/. Example: Aegean Sea.</DESCRIPTION>
                         <FIELD_TYPE>
                              <TEXT_FIELD/>
                         </FIELD_TYPE>
                         <MANDATORY>recommended</MANDATORY>
                         <MULTIPLICITY>single</MULTIPLICITY>
                    </FIELD>
                    <FIELD>
                         <LABEL>seabed habitat</LABEL>
                         <NAME>seabed habitat</NAME>
                         <DESCRIPTION>Classification of the seabed where the organism has been found; for European seabed habitats please use terms from http://eunis.eea.europa.eu/habitats-code-browser.jsp; example: B3.4 : Soft sea-cliffs, often vegetated</DESCRIPTION>
                         <FIELD_TYPE>
                              <TEXT_FIELD/>
                         </FIELD_TYPE>
                         <MANDATORY>mandatory</MANDATORY>
                         <MULTIPLICITY>single</MULTIPLICITY>
                    </FIELD>
               </FIELD_GROUP>
               <FIELD_GROUP restrictionType="Any number or none of the fields">
                    <NAME>Organism characteristics</NAME>
                    <DESCRIPTION>Characteristics of the source organism</DESCRIPTION>
                    <FIELD>
                         <LABEL>age</LABEL>
                         <NAME>age</NAME>
                         <DESCRIPTION>Age of the organism the sample was derived from.</DESCRIPTION>
                         <FIELD_TYPE>
                              <TEXT_FIELD/>
                         </FIELD_TYPE>
                         <MANDATORY>mandatory</MANDATORY>
                         <MULTIPLICITY>single</MULTIPLICITY>
                    </FIELD>
                    <FIELD>
                         <LABEL>aquaculture origin</LABEL>
                         <NAME>aquaculture origin</NAME>
                         <DESCRIPTION>Origin of stock and raised conditions</DESCRIPTION>
                         <FIELD_TYPE>
                              <TEXT_CHOICE_FIELD>
                                   <TEXT_VALUE>
                                        <VALUE>AOAR - aquacultue origin aquaculture raised</VALUE>
                                   </TEXT_VALUE>
                                   <TEXT_VALUE>
                                        <VALUE>WOAR - wild origin aquaculture raised</VALUE>
                                   </TEXT_VALUE>
                                   <TEXT_VALUE>
                                        <VALUE>WOWR - wild origin wild raised</VALUE>
                                   </TEXT_VALUE>
                              </TEXT_CHOICE_FIELD>
                         </FIELD_TYPE>
                         <MANDATORY>mandatory</MANDATORY>
                         <MULTIPLICITY>single</MULTIPLICITY>
                    </FIELD>
                    <FIELD>
                         <LABEL>shellfish total weight</LABEL>
                         <NAME>shellfish total weight</NAME>
                         <DESCRIPTION>Total weight of shellfish including shell at the time of sampling. Epifauna and epiphytes to be removed.</DESCRIPTION>
                         <UNITS>
                              <UNIT>g</UNIT>
                         </UNITS>
                         <FIELD_TYPE>
                              <TEXT_FIELD>
                                   <REGEX_VALUE>(0|((0\.)|([1-9][0-9]*\.?))[0-9]*)([Ee][+-]?[0-9]+)?</REGEX_VALUE>
                              </TEXT_FIELD>
                         </FIELD_TYPE>
                         <MANDATORY>mandatory</MANDATORY>
                         <MULTIPLICITY>single</MULTIPLICITY>
                    </FIELD>
                    <FIELD>
                         <LABEL>shellfish soft tissue weight</LABEL>
                         <NAME>shellfish soft tissue weight</NAME>
                         <DESCRIPTION>Total weight of all soft tissue, i.e. weight of entire organism without shell, at the time of sampling</DESCRIPTION>
                         <UNITS>
                              <UNIT>g</UNIT>
                         </UNITS>
                         <FIELD_TYPE>
                              <TEXT_FIELD>
                                   <REGEX_VALUE>(0|((0\.)|([1-9][0-9]*\.?))[0-9]*)([Ee][+-]?[0-9]+)?</REGEX_VALUE>
                              </TEXT_FIELD>
                         </FIELD_TYPE>
                         <MANDATORY>mandatory</MANDATORY>
                         <MULTIPLICITY>single</MULTIPLICITY>
                    </FIELD>
                    <FIELD>
                         <LABEL>shell length</LABEL>
                         <NAME>shell length</NAME>
                         <DESCRIPTION>length of shell (perpendicular to the hinge)</DESCRIPTION>
                         <UNITS>
                              <UNIT>g</UNIT>
                         </UNITS>
                         <FIELD_TYPE>
                              <TEXT_FIELD>
                                   <REGEX_VALUE>(0|((0\.)|([1-9][0-9]*\.?))[0-9]*)([Ee][+-]?[0-9]+)?</REGEX_VALUE>
                              </TEXT_FIELD>
                         </FIELD_TYPE>
                         <MANDATORY>mandatory</MANDATORY>
                         <MULTIPLICITY>single</MULTIPLICITY>
                    </FIELD>
                    <FIELD>
                         <LABEL>shell width</LABEL>
                         <NAME>shell width</NAME>
                         <DESCRIPTION>width of shell (perpendicular angle to length)</DESCRIPTION>
                         <UNITS>
                              <UNIT>g</UNIT>
                         </UNITS>
                         <FIELD_TYPE>
                              <TEXT_FIELD>
                                   <REGEX_VALUE>(0|((0\.)|([1-9][0-9]*\.?))[0-9]*)([Ee][+-]?[0-9]+)?</REGEX_VALUE>
                              </TEXT_FIELD>
                         </FIELD_TYPE>
                         <MANDATORY>mandatory</MANDATORY>
                         <MULTIPLICITY>single</MULTIPLICITY>
                    </FIELD>
                    <FIELD>
                         <LABEL>adductor weight</LABEL>
                         <NAME>adductor weight</NAME>
                         <DESCRIPTION>Total weight of striated muscle and smooth muscle</DESCRIPTION>
                         <UNITS>
                              <UNIT>g</UNIT>
                         </UNITS>
                         <FIELD_TYPE>
                              <TEXT_FIELD>
                                   <REGEX_VALUE>(0|((0\.)|([1-9][0-9]*\.?))[0-9]*)([Ee][+-]?[0-9]+)?</REGEX_VALUE>
                              </TEXT_FIELD>
                         </FIELD_TYPE>
                         <MANDATORY>recommended</MANDATORY>
                         <MULTIPLICITY>single</MULTIPLICITY>
                    </FIELD>
                    <FIELD>
                         <LABEL>gonad weight</LABEL>
                         <NAME>gonad weight</NAME>
                         <DESCRIPTION>Total weight of entire gonad tissue</DESCRIPTION>
                         <UNITS>
                              <UNIT>g</UNIT>
                         </UNITS>
                         <FIELD_TYPE>
                              <TEXT_FIELD>
                                   <REGEX_VALUE>(0|((0\.)|([1-9][0-9]*\.?))[0-9]*)([Ee][+-]?[0-9]+)?</REGEX_VALUE>
                              </TEXT_FIELD>
                         </FIELD_TYPE>
                         <MANDATORY>recommended</MANDATORY>
                         <MULTIPLICITY>single</MULTIPLICITY>
                    </FIELD>
                    <FIELD>
                         <LABEL>shell markings</LABEL>
                         <NAME>shell markings</NAME>
                         <DESCRIPTION>Visible markings on outer shell</DESCRIPTION>
                         <UNITS>
                              <UNIT>g</UNIT>
                         </UNITS>
                         <FIELD_TYPE>
                              <TEXT_FIELD/>
                         </FIELD_TYPE>
                         <MANDATORY>recommended</MANDATORY>
                         <MULTIPLICITY>single</MULTIPLICITY>
                    </FIELD>
                    <FIELD>
                         <LABEL>toxin burden</LABEL>
                         <NAME>toxin burden</NAME>
                         <DESCRIPTION>Concentration of toxins in the organism at the time of sampling</DESCRIPTION>
                         <UNITS>
                              <UNIT>g</UNIT>
                              <UNIT>kg</UNIT>
                              <UNIT>mg</UNIT>
                         </UNITS>
                         <FIELD_TYPE>
                              <TEXT_FIELD>
                                   <REGEX_VALUE>(0|((0\.)|([1-9][0-9]*\.?))[0-9]*)([Ee][+-]?[0-9]+)?</REGEX_VALUE>
                              </TEXT_FIELD>
                         </FIELD_TYPE>
                         <MANDATORY>recommended</MANDATORY>
                         <MULTIPLICITY>single</MULTIPLICITY>
                    </FIELD>
               </FIELD_GROUP>
               <FIELD_GROUP restrictionType="Any number or none of the fields">
                    <NAME>treatment</NAME>
                    <DESCRIPTION>Details of a treatment regime with a treatment agent.</DESCRIPTION>
                    <FIELD>
                         <LABEL>treatment agent</LABEL>
                         <NAME>treatment agent</NAME>
                         <DESCRIPTION>The name of the treatment agent used.</DESCRIPTION>
                         <FIELD_TYPE>
                              <TEXT_FIELD/>
                         </FIELD_TYPE>
                         <MANDATORY>optional</MANDATORY>
                         <MULTIPLICITY>multiple</MULTIPLICITY>
                    </FIELD>
                    <FIELD>
                         <LABEL>chemical compound</LABEL>
                         <SYNONYM>compound</SYNONYM>
                         <NAME>chemical compound</NAME>
                         <DESCRIPTION>A drug, solvent, chemical, etc., with a property that can be measured such as concentration (http://purl.obolibrary.org/obo/CHEBI_37577).</DESCRIPTION>
                         <FIELD_TYPE>
                              <TEXT_FIELD/>
                         </FIELD_TYPE>
                         <MANDATORY>optional</MANDATORY>
                         <MULTIPLICITY>multiple</MULTIPLICITY>
                    </FIELD>
               </FIELD_GROUP>
          </DESCRIPTOR>
     </CHECKLIST>
</CHECKLIST_SET>
