<?xml version="1.0" encoding="UTF-8"?>
<CHECKLIST_SET>
<CHECKLIST accession="ERC000030" checklistType="Sample">
          <IDENTIFIERS>
               <PRIMARY_ID>ERC000030</PRIMARY_ID>
          </IDENTIFIERS>
          <DESCRIPTOR>
               <LABEL>ENA Tara Oceans</LABEL>
               <NAME>ENA Tara Oceans</NAME>
               <DESCRIPTION>Minimum information about a Tara Oceans sample. A checklist for reporting metadata of oceanic plankton samples associated with genomics data from the Tara Oceans Expedition.</DESCRIPTION>
               <AUTHORITY>ENA</AUTHORITY>
               <FIELD_GROUP restrictionType="Any number or none of the fields">
                    <NAME>Marine Event</NAME>
                    <FIELD>
                         <LABEL>Event Label</LABEL>
                         <NAME>Event Label</NAME>
                         <DESCRIPTION>An Event corresponds to the deployment of a sampling device. It is bound in space and time. The Event Label is a unique identifier composed of the project prefix "TARA", sampling date/time "yyyymmddThh:mm:ssZ", station number "000" and a short label to indicate the sampling device used, e.g. "EVENT_CAST", "EVENT_NET", "EVENT_PUMP". Example: TARA_20110416T1508Z_100_EVENT_CAST.</DESCRIPTION>
                         <FIELD_TYPE>
                              <TEXT_FIELD/>
                         </FIELD_TYPE>
                         <MANDATORY>recommended</MANDATORY>
                         <MULTIPLICITY>multiple</MULTIPLICITY>
                    </FIELD>
                    <FIELD>
                         <LABEL>Event Date/Time Start</LABEL>
                         <NAME>Event Date/Time Start</NAME>
                         <DESCRIPTION>Date and time in UTC when the sampling event started, e.g. each CTD cast, net tow, or bucket collection is a distinct event. Format: yyyy-mm-ddThh:mm:ssZ. Example: 2011-04-16T15:05:30Z.</DESCRIPTION>
                         <FIELD_TYPE>
                              <TEXT_FIELD>
                                   <REGEX_VALUE>^[0-9]{4}(-[0-9]{2}(-[0-9]{2}(T[0-9]{2}:[0-9]{2}(:[0-9]{2})?Z?([+-][0-9]{1,2})?)?)?)?$</REGEX_VALUE>
                              </TEXT_FIELD>
                         </FIELD_TYPE>
                         <MANDATORY>mandatory</MANDATORY>
                         <MULTIPLICITY>multiple</MULTIPLICITY>
                    </FIELD>
                    <FIELD>
                         <LABEL>Event Date/Time End</LABEL>
                         <NAME>Event Date/Time End</NAME>
                         <DESCRIPTION>Date and time in UTC when the sampling event ended, e.g. each CTD cast, net tow, or bucket collection is a distinct event. Format: yyyy-mm-ddThh:mm:ssZ. Example: 2011-04-16T15:38:00Z.</DESCRIPTION>
                         <FIELD_TYPE>
                              <TEXT_FIELD>
                                   <REGEX_VALUE>^[0-9]{4}(-[0-9]{2}(-[0-9]{2}(T[0-9]{2}:[0-9]{2}(:[0-9]{2})?Z?([+-][0-9]{1,2})?)?)?)?$</REGEX_VALUE>
                              </TEXT_FIELD>
                         </FIELD_TYPE>
                         <MANDATORY>recommended</MANDATORY>
                         <MULTIPLICITY>multiple</MULTIPLICITY>
                    </FIELD>
                    <FIELD>
                         <LABEL>Latitude Start</LABEL>
                         <NAME>Latitude Start</NAME>
                         <DESCRIPTION>Latitude of the location where the sampling event started, e.g. each CTD cast, net tow, or bucket collection is a distinct event. Format: ##.####, Decimal degrees; North= +, South= -; Use WGS 84 for GPS data. Example: -24.6666.</DESCRIPTION>
                         <UNITS>
                              <UNIT>DD</UNIT>
                         </UNITS>
                         <FIELD_TYPE>
                              <TEXT_FIELD>
                                   <REGEX_VALUE>[+-]?[0-9]+.?[0-9]*</REGEX_VALUE>
                              </TEXT_FIELD>
                         </FIELD_TYPE>
                         <MANDATORY>mandatory</MANDATORY>
                         <MULTIPLICITY>multiple</MULTIPLICITY>
                    </FIELD>
                    <FIELD>
                         <LABEL>Longitude Start</LABEL>
                         <NAME>Longitude Start</NAME>
                         <DESCRIPTION>Longitude of the location where the sampling event started, e.g. each CTD cast, net tow, or bucket collection is a distinct event. Format: ###.####, Decimal degrees; East= +, West= -; Use WGS 84 for GPS data. Example: -096.1012.</DESCRIPTION>
                         <UNITS>
                              <UNIT>DD</UNIT>
                         </UNITS>
                         <FIELD_TYPE>
                              <TEXT_FIELD>
                                   <REGEX_VALUE>[+-]?[0-9]+.?[0-9]*</REGEX_VALUE>
                              </TEXT_FIELD>
                         </FIELD_TYPE>
                         <MANDATORY>mandatory</MANDATORY>
                         <MULTIPLICITY>multiple</MULTIPLICITY>
                    </FIELD>
                    <FIELD>
                         <LABEL>Latitude End</LABEL>
                         <NAME>Latitude End</NAME>
                         <DESCRIPTION>Latitude of the location where the sampling event ended, e.g. each CTD cast, net tow, or bucket collection is a distinct event. Format: ##.####, Decimal degrees; North= +, South= -; Use WGS 84 for GPS data. Example: -24.6643.</DESCRIPTION>
                         <UNITS>
                              <UNIT>DD</UNIT>
                         </UNITS>
                         <FIELD_TYPE>
                              <TEXT_FIELD>
                                   <REGEX_VALUE>[+-]?[0-9]+.?[0-9]*</REGEX_VALUE>
                              </TEXT_FIELD>
                         </FIELD_TYPE>
                         <MANDATORY>recommended</MANDATORY>
                         <MULTIPLICITY>multiple</MULTIPLICITY>
                    </FIELD>
                    <FIELD>
                         <LABEL>Longitude End</LABEL>
                         <NAME>Longitude End</NAME>
                         <DESCRIPTION>Longitude of the location where the sampling event ended, e.g. each CTD cast, net tow, or bucket collection is a distinct event. Format: ###.####, Decimal degrees; East= +, West= -; Use WGS 84 for GPS data. Example: -096.1171.</DESCRIPTION>
                         <UNITS>
                              <UNIT>DD</UNIT>
                         </UNITS>
                         <FIELD_TYPE>
                              <TEXT_FIELD>
                                   <REGEX_VALUE>[+-]?[0-9]+.?[0-9]*</REGEX_VALUE>
                              </TEXT_FIELD>
                         </FIELD_TYPE>
                         <MANDATORY>recommended</MANDATORY>
                         <MULTIPLICITY>multiple</MULTIPLICITY>
                    </FIELD>
               </FIELD_GROUP>
               <FIELD_GROUP restrictionType="Any number or none of the fields">
                    <NAME>Marine Sample</NAME>
                    <FIELD>
                         <LABEL>Depth</LABEL>
                         <NAME>Depth</NAME>
                         <DESCRIPTION>The distance below the surface of the water at which a measurement was made or a sample was collected. Format: ####.##, Positive below the sea surface. SDN:P06:46:ULAA for m. Example: 14.71</DESCRIPTION>
                         <UNITS>
                              <UNIT>m</UNIT>
                         </UNITS>
                         <FIELD_TYPE>
                              <TEXT_FIELD>
                                   <REGEX_VALUE>([0-9]*\.)?[0-9]+\s?([-]\s?([0-9]*\.)?[0-9]+)?</REGEX_VALUE>
                              </TEXT_FIELD>
                         </FIELD_TYPE>
                         <MANDATORY>mandatory</MANDATORY>
                         <MULTIPLICITY>multiple</MULTIPLICITY>
                    </FIELD>
                    <FIELD>
                         <LABEL>Sample Collection Device</LABEL>
                         <NAME>Sample Collection Device</NAME>
                         <DESCRIPTION>The sampling device(s) used for the Event. Example: CTD(sbe9C)/Rosette with Niskin bottles.</DESCRIPTION>
                         <FIELD_TYPE>
                              <TEXT_FIELD/>
                         </FIELD_TYPE>
                         <MANDATORY>recommended</MANDATORY>
                         <MULTIPLICITY>multiple</MULTIPLICITY>
                    </FIELD>
                    <FIELD>
                         <LABEL>Protocol Label</LABEL>
                         <NAME>Protocol Label</NAME>
                         <DESCRIPTION>Identifies the protocol used to produce the sample, e.g. filtration and preservation. Example: BACT_NUC_W0.22-1.6.</DESCRIPTION>
                         <FIELD_TYPE>
                              <TEXT_FIELD/>
                         </FIELD_TYPE>
                         <MANDATORY>mandatory</MANDATORY>
                         <MULTIPLICITY>multiple</MULTIPLICITY>
                    </FIELD>
                    <FIELD>
                         <LABEL>Size Fraction Lower Threshold</LABEL>
                         <NAME>Size Fraction Lower Threshold</NAME>
                         <DESCRIPTION>SAMPLE_PROTOCOL_Size-Fraction_Lower-Threshold_(µm) indicates the lower size threshold. Materials smaller than the size threshold are excluded from the sample. Example: 0.22 µm</DESCRIPTION>
                         <FIELD_TYPE>
                              <TEXT_FIELD/>
                         </FIELD_TYPE>
                         <MANDATORY>recommended</MANDATORY>
                         <MULTIPLICITY>multiple</MULTIPLICITY>
                    </FIELD>
                    <FIELD>
                         <LABEL>Size Fraction Upper Threshold</LABEL>
                         <NAME>Size Fraction Upper Threshold</NAME>
                         <DESCRIPTION>SAMPLE_PROTOCOL_Size-Fraction_Upper-Threshold_(µm) indicates the upper size threshold. Materials larger than the size threshold are excluded from the sample.Example: 1.6 µm</DESCRIPTION>
                         <FIELD_TYPE>
                              <TEXT_FIELD/>
                         </FIELD_TYPE>
                         <MANDATORY>recommended</MANDATORY>
                         <MULTIPLICITY>multiple</MULTIPLICITY>
                    </FIELD>
                    <FIELD>
                         <LABEL>Sample Status</LABEL>
                         <NAME>Sample Status</NAME>
                         <DESCRIPTION>Refers to the completness of sample metadata validation. Example: preliminary but can be used to provide data discovery services.</DESCRIPTION>
                         <FIELD_TYPE>
                              <TEXT_FIELD/>
                         </FIELD_TYPE>
                         <MANDATORY>recommended</MANDATORY>
                         <MULTIPLICITY>multiple</MULTIPLICITY>
                    </FIELD>
                    <FIELD>
                         <LABEL>Last Update Date</LABEL>
                         <NAME>Last Update Date</NAME>
                         <DESCRIPTION>Date of the last update of this sample in the SAMPLES REGISTRY. Example: 2014-03-01Z.</DESCRIPTION>
                         <FIELD_TYPE>
                              <TEXT_FIELD/>
                         </FIELD_TYPE>
                         <MANDATORY>recommended</MANDATORY>
                         <MULTIPLICITY>multiple</MULTIPLICITY>
                    </FIELD>
               </FIELD_GROUP>
               <FIELD_GROUP restrictionType="Any number or none of the fields">
                    <NAME>non-sample terms</NAME>
                    <FIELD>
                         <LABEL>project name</LABEL>
                         <NAME>project name</NAME>
                         <DESCRIPTION>Name of the project within which the sequencing was organized</DESCRIPTION>
                         <FIELD_TYPE>
                              <TEXT_FIELD/>
                         </FIELD_TYPE>
                         <MANDATORY>mandatory</MANDATORY>
                         <MULTIPLICITY>multiple</MULTIPLICITY>
                    </FIELD>
               </FIELD_GROUP>
               <FIELD_GROUP restrictionType="Any number or none of the fields">
                    <NAME>Collection event information</NAME>
                    <FIELD>
                         <LABEL>environmental package</LABEL>
                         <NAME>environmental package</NAME>
                         <DESCRIPTION>MIGS/MIMS/MIMARKS extension for reporting of measurements and observations obtained from one or more of the environments where the sample was obtained. All environmental packages listed here are further defined in separate subtables. By giving the name of the environmental package, a selection of fields can be made from the subtables and can be reported</DESCRIPTION>
                         <FIELD_TYPE>
                              <TEXT_CHOICE_FIELD>
                                   <TEXT_VALUE>
                                        <VALUE>water</VALUE>
                                   </TEXT_VALUE>
                              </TEXT_CHOICE_FIELD>
                         </FIELD_TYPE>
                         <MANDATORY>mandatory</MANDATORY>
                         <MULTIPLICITY>multiple</MULTIPLICITY>
                    </FIELD>
                    <FIELD>
                         <LABEL>broad-scale environmental context</LABEL>
                         <SYNONYM>environment (biome)</SYNONYM>
                         <NAME>broad-scale environmental context</NAME>
                         <DESCRIPTION>Report the major environmental system the sample or specimen came from. The system(s) identified should have a coarse spatial grain, to provide the general environmental context of where the sampling was done (e.g. in the desert or a rainforest). We recommend using subclasses of EnvO’s biome class: http://purl.obolibrary.org/obo/ENVO_00000428. EnvO documentation about how to use the field: https://github.com/EnvironmentOntology/envo/wiki/Using-ENVO-with-MIxS.</DESCRIPTION>
                         <FIELD_TYPE>
                              <TEXT_FIELD/>
                         </FIELD_TYPE>
                         <MANDATORY>mandatory</MANDATORY>
                         <MULTIPLICITY>multiple</MULTIPLICITY>
                    </FIELD>
                    <FIELD>
                         <LABEL>local environmental context</LABEL>
                         <SYNONYM>environment (feature)</SYNONYM>
                         <NAME>local environmental context</NAME>
                         <DESCRIPTION>Report the entity or entities which are in the sample or specimen’s local vicinity and which you believe have significant causal influences on your sample or specimen. We recommend using EnvO terms which are of smaller spatial grain than your entry for "broad-scale environmental context". Terms, such as anatomical sites, from other OBO Library ontologies which interoperate with EnvO (e.g. UBERON) are accepted in this field. EnvO documentation about how to use the field: https://github.com/EnvironmentOntology/envo/wiki/Using-ENVO-with-MIxS.</DESCRIPTION>
                         <FIELD_TYPE>
                              <TEXT_FIELD/>
                         </FIELD_TYPE>
                         <MANDATORY>mandatory</MANDATORY>
                         <MULTIPLICITY>multiple</MULTIPLICITY>
                    </FIELD>
                    <FIELD>
                         <LABEL>environmental medium</LABEL>
                         <SYNONYM>environment (material)</SYNONYM>
                         <NAME>environmental medium</NAME>
                         <DESCRIPTION>Report the environmental material(s) immediately surrounding the sample or specimen at the time of sampling. We recommend using subclasses of 'environmental material' (http://purl.obolibrary.org/obo/ENVO_00010483). EnvO documentation about how to use the field: https://github.com/EnvironmentOntology/envo/wiki/Using-ENVO-with-MIxS . Terms from other OBO ontologies are permissible as long as they reference mass/volume nouns (e.g. air, water, blood) and not discrete, countable entities (e.g. a tree, a leaf, a table top).</DESCRIPTION>
                         <FIELD_TYPE>
                              <TEXT_FIELD/>
                         </FIELD_TYPE>
                         <MANDATORY>mandatory</MANDATORY>
                         <MULTIPLICITY>multiple</MULTIPLICITY>
                    </FIELD>
               </FIELD_GROUP>
               <FIELD_GROUP restrictionType="Any number or none of the fields">
                    <NAME>Marine Sampling</NAME>
                    <FIELD>
                         <LABEL>Sampling Campaign</LABEL>
                         <NAME>Sampling Campaign</NAME>
                         <DESCRIPTION>Refers to a finite or indefinite activity aiming at collecting data/samples, e.g. a cruise, a time series, a mesocosm experiment. Example: TARA_20110401Z.</DESCRIPTION>
                         <FIELD_TYPE>
                              <TEXT_FIELD/>
                         </FIELD_TYPE>
                         <MANDATORY>mandatory</MANDATORY>
                         <MULTIPLICITY>multiple</MULTIPLICITY>
                    </FIELD>
                    <FIELD>
                         <LABEL>Sampling Station</LABEL>
                         <SYNONYM>Sampling Site</SYNONYM>
                         <NAME>Sampling Station</NAME>
                         <DESCRIPTION>Refers to the site/station where data/sample collection is performed. Example: TARA_100.</DESCRIPTION>
                         <FIELD_TYPE>
                              <TEXT_FIELD/>
                         </FIELD_TYPE>
                         <MANDATORY>mandatory</MANDATORY>
                         <MULTIPLICITY>multiple</MULTIPLICITY>
                    </FIELD>
                    <FIELD>
                         <LABEL>Sampling Platform</LABEL>
                         <NAME>Sampling Platform</NAME>
                         <DESCRIPTION>Refers to the unique stage from which the sampling device has been deployed. Includes Platform category from SDN:L06, http://seadatanet.maris2.nl/v_bodc_vocab_v2/search.asp?lib=L06, and Platform name. Example: Research Vessel Tara.</DESCRIPTION>
                         <FIELD_TYPE>
                              <TEXT_FIELD/>
                         </FIELD_TYPE>
                         <MANDATORY>mandatory</MANDATORY>
                         <MULTIPLICITY>multiple</MULTIPLICITY>
                    </FIELD>
               </FIELD_GROUP>
               <FIELD_GROUP restrictionType="Any number or none of the fields">
                    <NAME>Marine Environment</NAME>
                    <FIELD>
                         <LABEL>Marine Region</LABEL>
                         <NAME>Marine Region</NAME>
                         <DESCRIPTION>The geographical origin of the sample as defined by the marine region name chosen from the Marine Regions vocabulary at http://www.marineregions.org/. Example: Aegean Sea.</DESCRIPTION>
                         <FIELD_TYPE>
                              <TEXT_FIELD/>
                         </FIELD_TYPE>
                         <MANDATORY>mandatory</MANDATORY>
                         <MULTIPLICITY>multiple</MULTIPLICITY>
                    </FIELD>
                    <FIELD>
                         <LABEL>Salinity Sensor</LABEL>
                         <NAME>Salinity Sensor</NAME>
                         <DESCRIPTION>Salinity of water at the time of taking the sample. Format: ##.####, SDN:P02:75:PSAL, SDN:P06:46:UGKG for PSU. Example: 39.2268.</DESCRIPTION>
                         <UNITS>
                              <UNIT>psu</UNIT>
                         </UNITS>
                         <FIELD_TYPE>
                              <TEXT_FIELD>
                                   <REGEX_VALUE>[+-]?(0|((0\.)|([1-9][0-9]*\.?))[0-9]*)([Ee][+-]?[0-9]+)?</REGEX_VALUE>
                              </TEXT_FIELD>
                         </FIELD_TYPE>
                         <MANDATORY>mandatory</MANDATORY>
                         <MULTIPLICITY>multiple</MULTIPLICITY>
                    </FIELD>
                    <FIELD>
                         <LABEL>Oxygen Sensor</LABEL>
                         <NAME>Oxygen Sensor</NAME>
                         <DESCRIPTION>Oxygen concentration parameters in the water column measured in volts and converted to micromoles per kilogrammes. Format: ###.####, SDN:P02:75:DOXY, SDN:P06:46:KGUM for µmol/kg. Example: 217.7895.</DESCRIPTION>
                         <UNITS>
                              <UNIT>µmol/kg</UNIT>
                         </UNITS>
                         <FIELD_TYPE>
                              <TEXT_FIELD>
                                   <REGEX_VALUE>[+-]?(0|((0\.)|([1-9][0-9]*\.?))[0-9]*)([Ee][+-]?[0-9]+)?</REGEX_VALUE>
                              </TEXT_FIELD>
                         </FIELD_TYPE>
                         <MANDATORY>recommended</MANDATORY>
                         <MULTIPLICITY>multiple</MULTIPLICITY>
                    </FIELD>
                    <FIELD>
                         <LABEL>Nitrate Sensor</LABEL>
                         <NAME>Nitrate Sensor</NAME>
                         <DESCRIPTION>Nitrate concentration parameters in the water column measured in volts and converted to micromoles per litres. Format: ##.####, SDN:P02:75:NTRA, SDN:P06:46:UPOX for µmol/L. Example: 0.2259.</DESCRIPTION>
                         <UNITS>
                              <UNIT>µmol/L</UNIT>
                         </UNITS>
                         <FIELD_TYPE>
                              <TEXT_FIELD>
                                   <REGEX_VALUE>[+-]?(0|((0\.)|([1-9][0-9]*\.?))[0-9]*)([Ee][+-]?[0-9]+)?</REGEX_VALUE>
                              </TEXT_FIELD>
                         </FIELD_TYPE>
                         <MANDATORY>recommended</MANDATORY>
                         <MULTIPLICITY>multiple</MULTIPLICITY>
                    </FIELD>
                    <FIELD>
                         <LABEL>Temperature</LABEL>
                         <NAME>Temperature</NAME>
                         <DESCRIPTION>Temperature of water at the time of taking the sample. Format: ##.####, SDN:P02:75:TEMP, SDN:P06:46:UPAA for °C. Example: 17.7122.</DESCRIPTION>
                         <UNITS>
                              <UNIT>ºC</UNIT>
                         </UNITS>
                         <FIELD_TYPE>
                              <TEXT_FIELD>
                                   <REGEX_VALUE>[+-]?(0|((0\.)|([1-9][0-9]*\.?))[0-9]*)([Ee][+-]?[0-9]+)?</REGEX_VALUE>
                              </TEXT_FIELD>
                         </FIELD_TYPE>
                         <MANDATORY>mandatory</MANDATORY>
                         <MULTIPLICITY>multiple</MULTIPLICITY>
                    </FIELD>
                    <FIELD>
                         <LABEL>Chlorophyll Sensor</LABEL>
                         <NAME>Chlorophyll Sensor</NAME>
                         <DESCRIPTION>Fluorescence of the water measured in volts and converted to milligrammes of chlorophyll per cubic metre. Format: ##.####, SDN:P02:75:CPWC, SDN:P06:46:UMMC for mg Chl/m3. Example: 0.066.</DESCRIPTION>
                         <UNITS>
                              <UNIT>mg Chl/m3</UNIT>
                         </UNITS>
                         <FIELD_TYPE>
                              <TEXT_FIELD>
                                   <REGEX_VALUE>[+-]?(0|((0\.)|([1-9][0-9]*\.?))[0-9]*)([Ee][+-]?[0-9]+)?</REGEX_VALUE>
                              </TEXT_FIELD>
                         </FIELD_TYPE>
                         <MANDATORY>recommended</MANDATORY>
                         <MULTIPLICITY>multiple</MULTIPLICITY>
                    </FIELD>
               </FIELD_GROUP>
               <FIELD_GROUP restrictionType="Any number or none of the fields">
                    <NAME>Reference</NAME>
                    <FIELD>
                         <LABEL>Citation</LABEL>
                         <NAME>Citation</NAME>
                         <DESCRIPTION>Citation of the Sample Registry (HTML version) at the PANGAEA. Example: doi.pangaea.de/10.1594/PANGAEA.76752.</DESCRIPTION>
                         <FIELD_TYPE>
                              <TEXT_FIELD/>
                         </FIELD_TYPE>
                         <MANDATORY>recommended</MANDATORY>
                         <MULTIPLICITY>multiple</MULTIPLICITY>
                    </FIELD>
                    <FIELD>
                         <LABEL>Further Details</LABEL>
                         <NAME>Further Details</NAME>
                         <DESCRIPTION>Reference details related to a sample in form of an URI.</DESCRIPTION>
                         <FIELD_TYPE>
                              <TEXT_FIELD/>
                         </FIELD_TYPE>
                         <MANDATORY>recommended</MANDATORY>
                         <MULTIPLICITY>multiple</MULTIPLICITY>
                    </FIELD>
               </FIELD_GROUP>
          </DESCRIPTOR>
     </CHECKLIST>
</CHECKLIST_SET>
