<RUN_SET>
    <RUN alias="run_mantis_religiosa" center_name="">
        <EXPERIMENT_REF refname="exp_mantis_religiosa"/>
        <DATA_BLOCK>
            <FILES>
                <FILE filename="mantis_religiosa_R1.fastq.gz" filetype="fastq"
                    checksum_method="MD5" checksum="9b8932f85caa54e687eba62fca3edce2"/>
                <FILE filename="mantis_religiosa_R2.fastq.gz" filetype="fastq"
                    checksum_method="MD5" checksum="183d6a24e0c3704e993bebe75bbbd989"/>
            </FILES>
        </DATA_BLOCK>
    </RUN>
</RUN_SET>