{"file_id":{"0":"Hackathon_ARCexample_rnaseq","1":"Hackathon_ARCexample_rnaseq","2":"Hackathon_ARCexample_rnaseq","3":"Hackathon_ARCexample_rnaseq","4":"Hackathon_ARCexample_rnaseq","5":"Hackathon_ARCexample_rnaseq","6":"Hackathon_ARCexample_rnaseq","7":"Hackathon_ARCexample_rnaseq","8":"Hackathon_ARCexample_rnaseq","9":"Hackathon_ARCexample_rnaseq","10":"Hackathon_ARCexample_rnaseq","11":"Hackathon_ARCexample_rnaseq","12":"Hackathon_ARCexample_rnaseq","13":"Hackathon_ARCexample_rnaseq","14":"Hackathon_ARCexample_rnaseq","15":"Hackathon_ARCexample_rnaseq","16":"Hackathon_ARCexample_rnaseq","17":"Hackathon_ARCexample_rnaseq","18":"Hackathon_ARCexample_rnaseq","19":"Hackathon_ARCexample_rnaseq","20":"Hackathon_ARCexample_rnaseq","21":"Hackathon_ARCexample_rnaseq","22":"Hackathon_ARCexample_rnaseq","23":"Hackathon_ARCexample_rnaseq","24":"Hackathon_ARCexample_rnaseq","25":"Hackathon_ARCexample_rnaseq","26":"Hackathon_ARCexample_rnaseq","27":"Hackathon_ARCexample_rnaseq","28":"Hackathon_ARCexample_rnaseq","29":"Hackathon_ARCexample_rnaseq","30":"Hackathon_ARCexample_rnaseq","31":"Hackathon_ARCexample_rnaseq","32":"Hackathon_ARCexample_rnaseq","33":"Hackathon_ARCexample_rnaseq","34":"Hackathon_ARCexample_rnaseq","35":"Hackathon_ARCexample_rnaseq","36":"Hackathon_ARCexample_rnaseq","37":"Hackathon_ARCexample_rnaseq","38":"Hackathon_ARCexample_rnaseq","39":"Hackathon_ARCexample_rnaseq","40":"Hackathon_ARCexample_rnaseq","41":"Hackathon_ARCexample_rnaseq","42":"Hackathon_ARCexample_rnaseq","43":"Hackathon_ARCexample_rnaseq","44":"Hackathon_ARCexample_rnaseq","45":"Hackathon_ARCexample_rnaseq","46":"Hackathon_ARCexample_rnaseq","47":"Hackathon_ARCexample_rnaseq","48":"Hackathon_ARCexample_rnaseq","49":"Hackathon_ARCexample_rnaseq","50":"Hackathon_ARCexample_rnaseq","51":"Hackathon_ARCexample_rnaseq","52":"Hackathon_ARCexample_rnaseq","53":"Hackathon_ARCexample_rnaseq","54":"Hackathon_ARCexample_rnaseq","55":"Hackathon_ARCexample_rnaseq","56":"Hackathon_ARCexample_rnaseq","57":"Hackathon_ARCexample_rnaseq","58":"Hackathon_ARCexample_rnaseq","59":"Hackathon_ARCexample_rnaseq","60":"Hackathon_ARCexample_rnaseq","61":"Hackathon_ARCexample_rnaseq","62":"Hackathon_ARCexample_rnaseq","63":"Hackathon_ARCexample_rnaseq","64":"Hackathon_ARCexample_rnaseq","65":"Hackathon_ARCexample_rnaseq","66":"Hackathon_ARCexample_rnaseq","67":"Hackathon_ARCexample_rnaseq","68":"Hackathon_ARCexample_rnaseq","69":"Hackathon_ARCexample_rnaseq","70":"Hackathon_ARCexample_rnaseq","71":"Hackathon_ARCexample_rnaseq","72":"Hackathon_ARCexample_rnaseq","73":"Hackathon_ARCexample_rnaseq","74":"Hackathon_ARCexample_rnaseq","75":"Hackathon_ARCexample_rnaseq","76":"Hackathon_ARCexample_rnaseq","77":"Hackathon_ARCexample_rnaseq","78":"Hackathon_ARCexample_rnaseq","79":"Hackathon_ARCexample_rnaseq","80":"Hackathon_ARCexample_rnaseq","81":"Hackathon_ARCexample_rnaseq","82":"Hackathon_ARCexample_rnaseq","83":"Hackathon_ARCexample_rnaseq","84":"Hackathon_ARCexample_rnaseq","85":"Hackathon_ARCexample_rnaseq","86":"Hackathon_ARCexample_rnaseq","87":"Hackathon_ARCexample_rnaseq","88":"Hackathon_ARCexample_rnaseq","89":"Hackathon_ARCexample_rnaseq","90":"Hackathon_ARCexample_rnaseq","91":"Hackathon_ARCexample_rnaseq","92":"Hackathon_ARCexample_rnaseq","93":"Hackathon_ARCexample_rnaseq","94":"Hackathon_ARCexample_rnaseq","95":"Hackathon_ARCexample_rnaseq","96":"Hackathon_ARCexample_rnaseq","97":"Hackathon_ARCexample_rnaseq","98":"Hackathon_ARCexample_rnaseq","99":"Hackathon_ARCexample_rnaseq","100":"Hackathon_ARCexample_rnaseq","101":"Hackathon_ARCexample_rnaseq","102":"Hackathon_ARCexample_rnaseq","103":"Hackathon_ARCexample_rnaseq","104":"Hackathon_ARCexample_rnaseq","105":"Hackathon_ARCexample_rnaseq","106":"Hackathon_ARCexample_rnaseq","107":"Hackathon_ARCexample_rnaseq","108":"Hackathon_ARCexample_rnaseq","109":"Hackathon_ARCexample_rnaseq","110":"Hackathon_ARCexample_rnaseq","111":"Hackathon_ARCexample_rnaseq","112":"Hackathon_ARCexample_rnaseq","113":"Hackathon_ARCexample_rnaseq","114":"Hackathon_ARCexample_rnaseq","115":"Hackathon_ARCexample_rnaseq","116":"Hackathon_ARCexample_rnaseq","117":"Hackathon_ARCexample_rnaseq","118":"Hackathon_ARCexample_rnaseq","119":"Hackathon_ARCexample_rnaseq","120":"Hackathon_ARCexample_rnaseq","121":"Hackathon_ARCexample_rnaseq","122":"Hackathon_ARCexample_rnaseq","123":"Hackathon_ARCexample_rnaseq","124":"Hackathon_ARCexample_rnaseq","125":"Hackathon_ARCexample_rnaseq","126":"Hackathon_ARCexample_rnaseq","127":"Hackathon_ARCexample_rnaseq","128":"Hackathon_ARCexample_rnaseq","129":"Hackathon_ARCexample_rnaseq","130":"Hackathon_ARCexample_rnaseq","131":"Hackathon_ARCexample_rnaseq","132":"Hackathon_ARCexample_rnaseq","133":"Hackathon_ARCexample_rnaseq","134":"Hackathon_ARCexample_rnaseq","135":"Hackathon_ARCexample_rnaseq","136":"Hackathon_ARCexample_rnaseq","137":"Hackathon_ARCexample_rnaseq","138":"Hackathon_ARCexample_rnaseq","139":"Hackathon_ARCexample_rnaseq","140":"Hackathon_ARCexample_rnaseq","141":"Hackathon_ARCexample_rnaseq","142":"Hackathon_ARCexample_rnaseq","143":"Hackathon_ARCexample_rnaseq","144":"Hackathon_ARCexample_rnaseq","145":"Hackathon_ARCexample_rnaseq","146":"Hackathon_ARCexample_rnaseq","147":"Hackathon_ARCexample_rnaseq","148":"Hackathon_ARCexample_rnaseq","149":"Hackathon_ARCexample_rnaseq","150":"Hackathon_ARCexample_rnaseq","151":"Hackathon_ARCexample_rnaseq","152":"Hackathon_ARCexample_rnaseq","153":"Hackathon_ARCexample_rnaseq","154":"Hackathon_ARCexample_rnaseq","155":"Hackathon_ARCexample_rnaseq","156":"Hackathon_ARCexample_rnaseq","157":"Hackathon_ARCexample_rnaseq","158":"Hackathon_ARCexample_rnaseq","159":"Hackathon_ARCexample_rnaseq","160":"Hackathon_ARCexample_rnaseq","161":"Hackathon_ARCexample_rnaseq","162":"Hackathon_ARCexample_rnaseq","163":"Hackathon_ARCexample_rnaseq","164":"Hackathon_ARCexample_rnaseq","165":"Hackathon_ARCexample_rnaseq","166":"Hackathon_ARCexample_rnaseq","167":"Hackathon_ARCexample_rnaseq","168":"Hackathon_ARCexample_rnaseq","169":"Hackathon_ARCexample_rnaseq","170":"Hackathon_ARCexample_rnaseq","171":"Hackathon_ARCexample_rnaseq","172":"Hackathon_ARCexample_rnaseq","173":"Hackathon_ARCexample_rnaseq","174":"Hackathon_ARCexample_rnaseq","175":"Hackathon_ARCexample_rnaseq","176":"Hackathon_ARCexample_rnaseq","177":"Hackathon_ARCexample_rnaseq","178":"Hackathon_ARCexample_rnaseq","179":"Hackathon_ARCexample_rnaseq","180":"Hackathon_ARCexample_rnaseq","181":"Hackathon_ARCexample_rnaseq","182":"Hackathon_ARCexample_rnaseq","183":"Hackathon_ARCexample_rnaseq","184":"Hackathon_ARCexample_rnaseq","185":"Hackathon_ARCexample_rnaseq","186":"Hackathon_ARCexample_rnaseq","187":"Hackathon_ARCexample_rnaseq","188":"Hackathon_ARCexample_rnaseq","189":"Hackathon_ARCexample_rnaseq","190":"Hackathon_ARCexample_rnaseq","191":"Hackathon_ARCexample_rnaseq","192":"Hackathon_ARCexample_rnaseq","193":"Hackathon_ARCexample_rnaseq","194":"Hackathon_ARCexample_rnaseq","195":"Hackathon_ARCexample_rnaseq","196":"Hackathon_ARCexample_rnaseq","197":"Hackathon_ARCexample_rnaseq","198":"Hackathon_ARCexample_rnaseq","199":"Hackathon_ARCexample_rnaseq","200":"Hackathon_ARCexample_rnaseq","201":"Hackathon_ARCexample_rnaseq","202":"Hackathon_ARCexample_rnaseq","203":"Hackathon_ARCexample_rnaseq","204":"Hackathon_ARCexample_rnaseq","205":"Hackathon_ARCexample_rnaseq","206":"Hackathon_ARCexample_rnaseq","207":"Hackathon_ARCexample_rnaseq","208":"Hackathon_ARCexample_rnaseq","209":"Hackathon_ARCexample_rnaseq","210":"Hackathon_ARCexample_rnaseq","211":"Hackathon_ARCexample_rnaseq","212":"Hackathon_ARCexample_rnaseq","213":"Hackathon_ARCexample_rnaseq","214":"Hackathon_ARCexample_rnaseq","215":"Hackathon_ARCexample_rnaseq","216":"Hackathon_ARCexample_rnaseq","217":"Hackathon_ARCexample_rnaseq","218":"Hackathon_ARCexample_rnaseq","219":"Hackathon_ARCexample_rnaseq","220":"Hackathon_ARCexample_rnaseq","221":"Hackathon_ARCexample_rnaseq","222":"Hackathon_ARCexample_rnaseq","223":"Hackathon_ARCexample_rnaseq","224":"Hackathon_ARCexample_rnaseq","225":"Hackathon_ARCexample_rnaseq","226":"Hackathon_ARCexample_rnaseq","227":"Hackathon_ARCexample_rnaseq","228":"Hackathon_ARCexample_rnaseq","229":"Hackathon_ARCexample_rnaseq","230":"Hackathon_ARCexample_rnaseq","231":"Hackathon_ARCexample_rnaseq","232":"Hackathon_ARCexample_rnaseq","233":"Hackathon_ARCexample_rnaseq","234":"Hackathon_ARCexample_rnaseq","235":"Hackathon_ARCexample_rnaseq","236":"Hackathon_ARCexample_rnaseq","237":"Hackathon_ARCexample_rnaseq","238":"Hackathon_ARCexample_rnaseq","239":"Hackathon_ARCexample_rnaseq","240":"Hackathon_ARCexample_rnaseq","241":"Hackathon_ARCexample_rnaseq","242":"Hackathon_ARCexample_rnaseq","243":"Hackathon_ARCexample_rnaseq","244":"Hackathon_ARCexample_rnaseq","245":"Hackathon_ARCexample_rnaseq","246":"Hackathon_ARCexample_rnaseq","247":"Hackathon_ARCexample_rnaseq","248":"Hackathon_ARCexample_rnaseq","249":"Hackathon_ARCexample_rnaseq","250":"Hackathon_ARCexample_rnaseq","251":"Hackathon_ARCexample_rnaseq","252":"Hackathon_ARCexample_rnaseq","253":"Hackathon_ARCexample_rnaseq","254":"Hackathon_ARCexample_rnaseq","255":"Hackathon_ARCexample_rnaseq","256":"Hackathon_ARCexample_rnaseq","257":"Hackathon_ARCexample_rnaseq","258":"Hackathon_ARCexample_rnaseq","259":"Hackathon_ARCexample_rnaseq","260":"Hackathon_ARCexample_rnaseq","261":"Hackathon_ARCexample_rnaseq","262":"Hackathon_ARCexample_rnaseq","263":"Hackathon_ARCexample_rnaseq","264":"Hackathon_ARCexample_rnaseq","265":"Hackathon_ARCexample_rnaseq","266":"Hackathon_ARCexample_rnaseq","267":"Hackathon_ARCexample_rnaseq","268":"Hackathon_ARCexample_rnaseq","269":"Hackathon_ARCexample_rnaseq","270":"Hackathon_ARCexample_rnaseq","271":"Hackathon_ARCexample_rnaseq","272":"Hackathon_ARCexample_rnaseq","273":"Hackathon_ARCexample_rnaseq","274":"Hackathon_ARCexample_rnaseq","275":"Hackathon_ARCexample_rnaseq","276":"Hackathon_ARCexample_rnaseq","277":"Hackathon_ARCexample_rnaseq","278":"Hackathon_ARCexample_rnaseq","279":"Hackathon_ARCexample_rnaseq","280":"Hackathon_ARCexample_rnaseq","281":"Hackathon_ARCexample_rnaseq","282":"Hackathon_ARCexample_rnaseq","283":"Hackathon_ARCexample_rnaseq","284":"Hackathon_ARCexample_rnaseq","285":"Hackathon_ARCexample_rnaseq","286":"Hackathon_ARCexample_rnaseq","287":"Hackathon_ARCexample_rnaseq","288":"Hackathon_ARCexample_rnaseq","289":"Hackathon_ARCexample_rnaseq","290":"Hackathon_ARCexample_rnaseq","291":"Hackathon_ARCexample_rnaseq","292":"Hackathon_ARCexample_rnaseq","293":"Hackathon_ARCexample_rnaseq","294":"Hackathon_ARCexample_rnaseq","295":"Hackathon_ARCexample_rnaseq","296":"Hackathon_ARCexample_rnaseq","297":"Hackathon_ARCexample_rnaseq","298":"Hackathon_ARCexample_rnaseq","299":"Hackathon_ARCexample_rnaseq","300":"Hackathon_ARCexample_rnaseq","301":"Hackathon_ARCexample_rnaseq","302":"Hackathon_ARCexample_rnaseq","303":"Hackathon_ARCexample_rnaseq","304":"Hackathon_ARCexample_rnaseq","305":"Hackathon_ARCexample_rnaseq","306":"Hackathon_ARCexample_rnaseq","307":"Hackathon_ARCexample_rnaseq","308":"Hackathon_ARCexample_rnaseq"},"arc_id":{"0":"TalinumFacultativeCAM","1":"TalinumFacultativeCAM","2":"TalinumFacultativeCAM","3":"TalinumFacultativeCAM","4":"TalinumFacultativeCAM","5":"TalinumFacultativeCAM","6":"TalinumFacultativeCAM","7":"TalinumFacultativeCAM","8":"TalinumFacultativeCAM","9":"TalinumFacultativeCAM","10":"TalinumFacultativeCAM","11":"TalinumFacultativeCAM","12":"TalinumFacultativeCAM","13":"TalinumFacultativeCAM","14":"TalinumFacultativeCAM","15":"TalinumFacultativeCAM","16":"TalinumFacultativeCAM","17":"TalinumFacultativeCAM","18":"TalinumFacultativeCAM","19":"TalinumFacultativeCAM","20":"TalinumFacultativeCAM","21":"TalinumFacultativeCAM","22":"TalinumFacultativeCAM","23":"TalinumFacultativeCAM","24":"TalinumFacultativeCAM","25":"TalinumFacultativeCAM","26":"TalinumFacultativeCAM","27":"TalinumFacultativeCAM","28":"TalinumFacultativeCAM","29":"TalinumFacultativeCAM","30":"TalinumFacultativeCAM","31":"TalinumFacultativeCAM","32":"TalinumFacultativeCAM","33":"TalinumFacultativeCAM","34":"TalinumFacultativeCAM","35":"TalinumFacultativeCAM","36":"TalinumFacultativeCAM","37":"TalinumFacultativeCAM","38":"TalinumFacultativeCAM","39":"TalinumFacultativeCAM","40":"TalinumFacultativeCAM","41":"TalinumFacultativeCAM","42":"TalinumFacultativeCAM","43":"TalinumFacultativeCAM","44":"TalinumFacultativeCAM","45":"TalinumFacultativeCAM","46":"TalinumFacultativeCAM","47":"TalinumFacultativeCAM","48":"TalinumFacultativeCAM","49":"TalinumFacultativeCAM","50":"TalinumFacultativeCAM","51":"TalinumFacultativeCAM","52":"TalinumFacultativeCAM","53":"TalinumFacultativeCAM","54":"TalinumFacultativeCAM","55":"TalinumFacultativeCAM","56":"TalinumFacultativeCAM","57":"TalinumFacultativeCAM","58":"TalinumFacultativeCAM","59":"TalinumFacultativeCAM","60":"TalinumFacultativeCAM","61":"TalinumFacultativeCAM","62":"TalinumFacultativeCAM","63":"TalinumFacultativeCAM","64":"TalinumFacultativeCAM","65":"TalinumFacultativeCAM","66":"TalinumFacultativeCAM","67":"TalinumFacultativeCAM","68":"TalinumFacultativeCAM","69":"TalinumFacultativeCAM","70":"TalinumFacultativeCAM","71":"TalinumFacultativeCAM","72":"TalinumFacultativeCAM","73":"TalinumFacultativeCAM","74":"TalinumFacultativeCAM","75":"TalinumFacultativeCAM","76":"TalinumFacultativeCAM","77":"TalinumFacultativeCAM","78":"TalinumFacultativeCAM","79":"TalinumFacultativeCAM","80":"TalinumFacultativeCAM","81":"TalinumFacultativeCAM","82":"TalinumFacultativeCAM","83":"TalinumFacultativeCAM","84":"TalinumFacultativeCAM","85":"TalinumFacultativeCAM","86":"TalinumFacultativeCAM","87":"TalinumFacultativeCAM","88":"TalinumFacultativeCAM","89":"TalinumFacultativeCAM","90":"TalinumFacultativeCAM","91":"TalinumFacultativeCAM","92":"TalinumFacultativeCAM","93":"TalinumFacultativeCAM","94":"TalinumFacultativeCAM","95":"TalinumFacultativeCAM","96":"TalinumFacultativeCAM","97":"TalinumFacultativeCAM","98":"TalinumFacultativeCAM","99":"TalinumFacultativeCAM","100":"TalinumFacultativeCAM","101":"TalinumFacultativeCAM","102":"TalinumFacultativeCAM","103":"TalinumFacultativeCAM","104":"TalinumFacultativeCAM","105":"TalinumFacultativeCAM","106":"TalinumFacultativeCAM","107":"TalinumFacultativeCAM","108":"TalinumFacultativeCAM","109":"TalinumFacultativeCAM","110":"TalinumFacultativeCAM","111":"TalinumFacultativeCAM","112":"TalinumFacultativeCAM","113":"TalinumFacultativeCAM","114":"TalinumFacultativeCAM","115":"TalinumFacultativeCAM","116":"TalinumFacultativeCAM","117":"TalinumFacultativeCAM","118":"TalinumFacultativeCAM","119":"TalinumFacultativeCAM","120":"TalinumFacultativeCAM","121":"TalinumFacultativeCAM","122":"TalinumFacultativeCAM","123":"TalinumFacultativeCAM","124":"TalinumFacultativeCAM","125":"TalinumFacultativeCAM","126":"TalinumFacultativeCAM","127":"TalinumFacultativeCAM","128":"TalinumFacultativeCAM","129":"TalinumFacultativeCAM","130":"TalinumFacultativeCAM","131":"TalinumFacultativeCAM","132":"TalinumFacultativeCAM","133":"TalinumFacultativeCAM","134":"TalinumFacultativeCAM","135":"TalinumFacultativeCAM","136":"TalinumFacultativeCAM","137":"TalinumFacultativeCAM","138":"TalinumFacultativeCAM","139":"TalinumFacultativeCAM","140":"TalinumFacultativeCAM","141":"TalinumFacultativeCAM","142":"TalinumFacultativeCAM","143":"TalinumFacultativeCAM","144":"TalinumFacultativeCAM","145":"TalinumFacultativeCAM","146":"TalinumFacultativeCAM","147":"TalinumFacultativeCAM","148":"TalinumFacultativeCAM","149":"TalinumFacultativeCAM","150":"TalinumFacultativeCAM","151":"TalinumFacultativeCAM","152":"TalinumFacultativeCAM","153":"TalinumFacultativeCAM","154":"TalinumFacultativeCAM","155":"TalinumFacultativeCAM","156":"TalinumFacultativeCAM","157":"TalinumFacultativeCAM","158":"TalinumFacultativeCAM","159":"TalinumFacultativeCAM","160":"TalinumFacultativeCAM","161":"TalinumFacultativeCAM","162":"TalinumFacultativeCAM","163":"TalinumFacultativeCAM","164":"TalinumFacultativeCAM","165":"TalinumFacultativeCAM","166":"TalinumFacultativeCAM","167":"TalinumFacultativeCAM","168":"TalinumFacultativeCAM","169":"TalinumFacultativeCAM","170":"TalinumFacultativeCAM","171":"TalinumFacultativeCAM","172":"TalinumFacultativeCAM","173":"TalinumFacultativeCAM","174":"TalinumFacultativeCAM","175":"TalinumFacultativeCAM","176":"TalinumFacultativeCAM","177":"TalinumFacultativeCAM","178":"TalinumFacultativeCAM","179":"TalinumFacultativeCAM","180":"TalinumFacultativeCAM","181":"TalinumFacultativeCAM","182":"TalinumFacultativeCAM","183":"TalinumFacultativeCAM","184":"TalinumFacultativeCAM","185":"TalinumFacultativeCAM","186":"TalinumFacultativeCAM","187":"TalinumFacultativeCAM","188":"TalinumFacultativeCAM","189":"TalinumFacultativeCAM","190":"TalinumFacultativeCAM","191":"TalinumFacultativeCAM","192":"TalinumFacultativeCAM","193":"TalinumFacultativeCAM","194":"TalinumFacultativeCAM","195":"TalinumFacultativeCAM","196":"TalinumFacultativeCAM","197":"TalinumFacultativeCAM","198":"TalinumFacultativeCAM","199":"TalinumFacultativeCAM","200":"TalinumFacultativeCAM","201":"TalinumFacultativeCAM","202":"TalinumFacultativeCAM","203":"TalinumFacultativeCAM","204":"TalinumFacultativeCAM","205":"TalinumFacultativeCAM","206":"TalinumFacultativeCAM","207":"TalinumFacultativeCAM","208":"TalinumFacultativeCAM","209":"TalinumFacultativeCAM","210":"TalinumFacultativeCAM","211":"TalinumFacultativeCAM","212":"TalinumFacultativeCAM","213":"TalinumFacultativeCAM","214":"TalinumFacultativeCAM","215":"TalinumFacultativeCAM","216":"TalinumFacultativeCAM","217":"TalinumFacultativeCAM","218":"TalinumFacultativeCAM","219":"TalinumFacultativeCAM","220":"TalinumFacultativeCAM","221":"TalinumFacultativeCAM","222":"TalinumFacultativeCAM","223":"TalinumFacultativeCAM","224":"TalinumFacultativeCAM","225":"TalinumFacultativeCAM","226":"TalinumFacultativeCAM","227":"TalinumFacultativeCAM","228":"TalinumFacultativeCAM","229":"TalinumFacultativeCAM","230":"TalinumFacultativeCAM","231":"TalinumFacultativeCAM","232":"TalinumFacultativeCAM","233":"TalinumFacultativeCAM","234":"TalinumFacultativeCAM","235":"TalinumFacultativeCAM","236":"TalinumFacultativeCAM","237":"TalinumFacultativeCAM","238":"TalinumFacultativeCAM","239":"TalinumFacultativeCAM","240":"TalinumFacultativeCAM","241":"TalinumFacultativeCAM","242":"TalinumFacultativeCAM","243":"TalinumFacultativeCAM","244":"TalinumFacultativeCAM","245":"TalinumFacultativeCAM","246":"TalinumFacultativeCAM","247":"TalinumFacultativeCAM","248":"TalinumFacultativeCAM","249":"TalinumFacultativeCAM","250":"TalinumFacultativeCAM","251":"TalinumFacultativeCAM","252":"TalinumFacultativeCAM","253":"TalinumFacultativeCAM","254":"TalinumFacultativeCAM","255":"TalinumFacultativeCAM","256":"TalinumFacultativeCAM","257":"TalinumFacultativeCAM","258":"TalinumFacultativeCAM","259":"TalinumFacultativeCAM","260":"TalinumFacultativeCAM","261":"TalinumFacultativeCAM","262":"TalinumFacultativeCAM","263":"TalinumFacultativeCAM","264":"TalinumFacultativeCAM","265":"TalinumFacultativeCAM","266":"TalinumFacultativeCAM","267":"TalinumFacultativeCAM","268":"TalinumFacultativeCAM","269":"TalinumFacultativeCAM","270":"TalinumFacultativeCAM","271":"TalinumFacultativeCAM","272":"TalinumFacultativeCAM","273":"TalinumFacultativeCAM","274":"TalinumFacultativeCAM","275":"TalinumFacultativeCAM","276":"TalinumFacultativeCAM","277":"TalinumFacultativeCAM","278":"TalinumFacultativeCAM","279":"TalinumFacultativeCAM","280":"TalinumFacultativeCAM","281":"TalinumFacultativeCAM","282":"TalinumFacultativeCAM","283":"TalinumFacultativeCAM","284":"TalinumFacultativeCAM","285":"TalinumFacultativeCAM","286":"TalinumFacultativeCAM","287":"TalinumFacultativeCAM","288":"TalinumFacultativeCAM","289":"TalinumFacultativeCAM","290":"TalinumFacultativeCAM","291":"TalinumFacultativeCAM","292":"TalinumFacultativeCAM","293":"TalinumFacultativeCAM","294":"TalinumFacultativeCAM","295":"TalinumFacultativeCAM","296":"TalinumFacultativeCAM","297":"TalinumFacultativeCAM","298":"TalinumFacultativeCAM","299":"TalinumFacultativeCAM","300":"TalinumFacultativeCAM","301":"TalinumFacultativeCAM","302":"TalinumFacultativeCAM","303":"TalinumFacultativeCAM","304":"TalinumFacultativeCAM","305":"TalinumFacultativeCAM","306":"TalinumFacultativeCAM","307":"TalinumFacultativeCAM","308":"TalinumFacultativeCAM"},"subsection_id":{"0":"1SPL01_plants_0","1":"1SPL01_plants_0","2":"1SPL01_plants_0","3":"1SPL01_plants_0","4":"1SPL01_plants_0","5":"1SPL01_plants_0","6":"1SPL01_plants_0","7":"1SPL01_plants_0","8":"1SPL01_plants_0","9":"1SPL01_plants_0","10":"1SPL01_plants_0","11":"1SPL01_plants_0","12":"1SPL01_plants_0","13":"1SPL01_plants_0","14":"1SPL01_plants_0","15":"1SPL01_plants_0","16":"1SPL01_plants_0","17":"1SPL01_plants_0","18":"1SPL01_plants_0","19":"1SPL01_plants_0","20":"1SPL01_plants_0","21":"1SPL01_plants_0","22":"1SPL01_plants_0","23":"1SPL01_plants_0","24":"1SPL01_plants_0","25":"1SPL01_plants_0","26":"1SPL01_plants_0","27":"1SPL01_plants_0","28":"1SPL01_plants_0","29":"1SPL01_plants_0","30":"1SPL01_plants_0","31":"1SPL01_plants_0","32":"1SPL01_plants_0","33":"1SPL01_plants_0","34":"1SPL01_plants_0","35":"1SPL01_plants_0","36":"1SPL01_plants_0","37":"1SPL01_plants_0","38":"1SPL01_plants_0","39":"1SPL01_plants_0","40":"1SPL01_plants_0","41":"1SPL01_plants_0","42":"1SPL01_plants_0","43":"1SPL01_plants_0","44":"1SPL01_plants_0","45":"1SPL01_plants_0","46":"1SPL01_plants_0","47":"1SPL01_plants_0","48":"1SPL01_plants_0","49":"1SPL01_plants_0","50":"1SPL01_plants_0","51":"1SPL01_plants_0","52":"1SPL01_plants_0","53":"1SPL01_plants_0","54":"1SPL01_plants_0","55":"1SPL01_plants_0","56":"1SPL01_plants_0","57":"1SPL01_plants_0","58":"1SPL01_plants_0","59":"1SPL01_plants_0","60":"1SPL01_plants_0","61":"1SPL01_plants_0","62":"1SPL01_plants_0","63":"1SPL01_plants_0","64":"1SPL01_plants_0","65":"1SPL01_plants_0","66":"1SPL01_plants_0","67":"1SPL01_plants_0","68":"1SPL01_plants_0","69":"1SPL01_plants_0","70":"1SPL01_plants_0","71":"1SPL01_plants_0","72":"1SPL01_plants_0","73":"1SPL01_plants_0","74":"1SPL01_plants_0","75":"1SPL01_plants_0","76":"1SPL01_plants_0","77":"1SPL01_plants_0","78":"1SPL01_plants_0","79":"1SPL01_plants_0","80":"1SPL01_plants_0","81":"1SPL01_plants_0","82":"1SPL01_plants_0","83":"1SPL01_plants_0","84":"1SPL01_plants_0","85":"1SPL01_plants_0","86":"1SPL01_plants_0","87":"1SPL01_plants_0","88":"1SPL01_plants_0","89":"1SPL01_plants_0","90":"1SPL01_plants_0","91":"1SPL01_plants_0","92":"1SPL01_plants_0","93":"1SPL01_plants_0","94":"1SPL01_plants_0","95":"1SPL01_plants_0","96":"1SPL01_plants_0","97":"1SPL01_plants_0","98":"1SPL01_plants_0","99":"1SPL01_plants_0","100":"1SPL01_plants_0","101":"1SPL01_plants_0","102":"1SPL01_plants_0","103":"1SPL01_plants_0","104":"1SPL01_plants_0","105":"1SPL01_plants_0","106":"1SPL01_plants_0","107":"1SPL01_plants_0","108":"1SPL01_plants_0","109":"1SPL01_plants_0","110":"1SPL01_plants_0","111":"1SPL01_plants_0","112":"1SPL01_plants_0","113":"1SPL01_plants_0","114":"1SPL01_plants_0","115":"1SPL01_plants_0","116":"1SPL01_plants_0","117":"1SPL01_plants_0","118":"1SPL01_plants_0","119":"1SPL01_plants_0","120":"1SPL01_plants_0","121":"1SPL01_plants_0","122":"1SPL01_plants_0","123":"1SPL01_plants_0","124":"1SPL01_plants_0","125":"1SPL01_plants_0","126":"1SPL01_plants_0","127":"1SPL01_plants_0","128":"1SPL01_plants_0","129":"1SPL01_plants_0","130":"1SPL01_plants_0","131":"1SPL01_plants_0","132":"1SPL01_plants_0","133":"1SPL01_plants_0","134":"1SPL01_plants_0","135":"1SPL01_plants_0","136":"1SPL01_plants_0","137":"1SPL01_plants_0","138":"1SPL01_plants_0","139":"1SPL01_plants_0","140":"1SPL01_plants_0","141":"1SPL01_plants_0","142":"1SPL01_plants_0","143":"1SPL01_plants_0","144":"1SPL01_plants_0","145":"1SPL01_plants_0","146":"1SPL01_plants_0","147":"1SPL01_plants_0","148":"1SPL01_plants_0","149":"1SPL01_plants_0","150":"1SPL01_plants_0","151":"1SPL01_plants_0","152":"1SPL01_plants_0","153":"1SPL01_plants_0","154":"1SPL01_plants_0","155":"1SPL01_plants_0","156":"1SPL01_plants_0","157":"1SPL01_plants_0","158":"1SPL01_plants_0","159":"1SPL01_plants_0","160":"1SPL01_plants_0","161":"1SPL01_plants_0","162":"1SPL01_plants_0","163":"1SPL01_plants_0","164":"1SPL01_plants_0","165":"1SPL01_plants_0","166":"1SPL01_plants_0","167":"1SPL01_plants_0","168":"1SPL01_plants_0","169":"1SPL01_plants_0","170":"1SPL01_plants_0","171":"1SPL01_plants_0","172":"1SPL01_plants_0","173":"1SPL01_plants_0","174":"1SPL01_plants_0","175":"1SPL01_plants_0","176":"1SPL01_plants_0","177":"1SPL01_plants_0","178":"1SPL01_plants_0","179":"1SPL01_plants_0","180":"1SPL01_plants_0","181":"1SPL01_plants_0","182":"1SPL01_plants_0","183":"1SPL01_plants_0","184":"1SPL01_plants_0","185":"1SPL01_plants_0","186":"1SPL01_plants_0","187":"1SPL01_plants_0","188":"1SPL01_plants_0","189":"1SPL01_plants_0","190":"1SPL01_plants_0","191":"1SPL01_plants_0","192":"1SPL01_plants_0","193":"1SPL01_plants_0","194":"1SPL01_plants_0","195":"1SPL01_plants_0","196":"1SPL01_plants_0","197":"1SPL01_plants_0","198":"1SPL01_plants_0","199":"1SPL01_plants_0","200":"1SPL01_plants_0","201":"1SPL01_plants_0","202":"1SPL01_plants_0","203":"1SPL01_plants_0","204":"1SPL01_plants_0","205":"1SPL01_plants_0","206":"1SPL01_plants_0","207":"1SPL01_plants_0","208":"1SPL01_plants_0","209":"1SPL01_plants_0","210":"1SPL01_plants_0","211":"1SPL01_plants_0","212":"1SPL01_plants_0","213":"1SPL01_plants_0","214":"1SPL01_plants_0","215":"1SPL01_plants_0","216":"1SPL01_plants_0","217":"1SPL01_plants_0","218":"1SPL01_plants_0","219":"1SPL01_plants_0","220":"1SPL01_plants_0","221":"2EXT01_RNA_0","222":"2EXT01_RNA_0","223":"2EXT01_RNA_0","224":"2EXT01_RNA_0","225":"2EXT01_RNA_0","226":"2EXT01_RNA_0","227":"2EXT01_RNA_0","228":"2EXT01_RNA_0","229":"2EXT01_RNA_0","230":"2EXT01_RNA_0","231":"2EXT01_RNA_0","232":"2EXT01_RNA_0","233":"2EXT01_RNA_0","234":"2EXT01_RNA_0","235":"2EXT01_RNA_0","236":"2EXT01_RNA_0","237":"3ASY01_RNASeq_0","238":"3ASY01_RNASeq_0","239":"3ASY01_RNASeq_0","240":"3ASY01_RNASeq_0","241":"3ASY01_RNASeq_0","242":"3ASY01_RNASeq_0","243":"3ASY01_RNASeq_0","244":"3ASY01_RNASeq_0","245":"3ASY01_RNASeq_0","246":"3ASY01_RNASeq_0","247":"3ASY01_RNASeq_0","248":"3ASY01_RNASeq_0","249":"3ASY01_RNASeq_0","250":"3ASY01_RNASeq_0","251":"3ASY01_RNASeq_0","252":"3ASY01_RNASeq_0","253":"3ASY01_RNASeq_0","254":"3ASY01_RNASeq_0","255":"3ASY01_RNASeq_0","256":"3ASY01_RNASeq_0","257":"3ASY01_RNASeq_0","258":"3ASY01_RNASeq_0","259":"3ASY01_RNASeq_0","260":"3ASY01_RNASeq_0","261":"3ASY01_RNASeq_0","262":"3ASY01_RNASeq_0","263":"3ASY01_RNASeq_0","264":"3ASY01_RNASeq_0","265":"3ASY01_RNASeq_0","266":"3ASY01_RNASeq_0","267":"3ASY01_RNASeq_0","268":"3ASY01_RNASeq_0","269":"3ASY01_RNASeq_0","270":"3ASY01_RNASeq_0","271":"3ASY01_RNASeq_0","272":"3ASY01_RNASeq_0","273":"3ASY01_RNASeq_0","274":"3ASY01_RNASeq_0","275":"3ASY01_RNASeq_0","276":"3ASY01_RNASeq_0","277":"3ASY01_RNASeq_0","278":"3ASY01_RNASeq_0","279":"3ASY01_RNASeq_0","280":"3ASY01_RNASeq_0","281":"3ASY01_RNASeq_0","282":"3ASY01_RNASeq_0","283":"3ASY01_RNASeq_0","284":"3ASY01_RNASeq_0","285":"3ASY01_RNASeq_0","286":"3ASY01_RNASeq_0","287":"4COM01_RNASeq_0","288":"4COM01_RNASeq_0","289":"4COM01_RNASeq_0","290":"4COM01_RNASeq_0","291":"4COM01_RNASeq_0","292":"4COM01_RNASeq_0","293":"4COM01_RNASeq_0","294":"4COM01_RNASeq_0","295":"4COM01_RNASeq_0","296":"4COM01_RNASeq_0","297":"4COM01_RNASeq_0","298":"4COM01_RNASeq_0","299":"4COM01_RNASeq_0","300":"4COM01_RNASeq_0","301":"4COM01_RNASeq_0","302":"4COM01_RNASeq_0","303":"4COM01_RNASeq_0","304":"4COM01_RNASeq_0","305":"4COM01_RNASeq_0","306":"4COM01_RNASeq_0","307":"4COM01_RNASeq_0","308":"4COM01_RNASeq_0"},"input_id":{"0":null,"1":null,"2":null,"3":null,"4":null,"5":null,"6":null,"7":null,"8":null,"9":null,"10":null,"11":null,"12":null,"13":null,"14":null,"15":null,"16":null,"17":null,"18":null,"19":null,"20":null,"21":null,"22":null,"23":null,"24":null,"25":null,"26":null,"27":null,"28":null,"29":null,"30":null,"31":null,"32":null,"33":null,"34":null,"35":null,"36":null,"37":null,"38":null,"39":null,"40":null,"41":null,"42":null,"43":null,"44":null,"45":null,"46":null,"47":null,"48":null,"49":null,"50":null,"51":null,"52":null,"53":null,"54":null,"55":null,"56":null,"57":null,"58":null,"59":null,"60":null,"61":null,"62":null,"63":null,"64":null,"65":null,"66":null,"67":null,"68":null,"69":null,"70":null,"71":null,"72":null,"73":null,"74":null,"75":null,"76":null,"77":null,"78":null,"79":null,"80":null,"81":null,"82":null,"83":null,"84":null,"85":null,"86":null,"87":null,"88":null,"89":null,"90":null,"91":null,"92":null,"93":null,"94":null,"95":null,"96":null,"97":null,"98":null,"99":null,"100":null,"101":null,"102":null,"103":null,"104":null,"105":null,"106":null,"107":null,"108":null,"109":null,"110":null,"111":null,"112":null,"113":null,"114":null,"115":null,"116":null,"117":null,"118":null,"119":null,"120":null,"121":null,"122":null,"123":null,"124":null,"125":null,"126":null,"127":null,"128":null,"129":null,"130":null,"131":null,"132":null,"133":null,"134":null,"135":null,"136":null,"137":null,"138":null,"139":null,"140":null,"141":null,"142":null,"143":null,"144":null,"145":null,"146":null,"147":null,"148":null,"149":null,"150":null,"151":null,"152":null,"153":null,"154":null,"155":null,"156":null,"157":null,"158":null,"159":null,"160":null,"161":null,"162":null,"163":null,"164":null,"165":null,"166":null,"167":null,"168":null,"169":null,"170":null,"171":null,"172":null,"173":null,"174":null,"175":null,"176":null,"177":null,"178":null,"179":null,"180":null,"181":null,"182":null,"183":null,"184":null,"185":null,"186":null,"187":null,"188":null,"189":null,"190":null,"191":null,"192":null,"193":null,"194":null,"195":null,"196":null,"197":null,"198":null,"199":null,"200":null,"201":null,"202":null,"203":null,"204":null,"205":null,"206":null,"207":null,"208":null,"209":null,"210":null,"211":null,"212":null,"213":null,"214":null,"215":5.0,"216":5.0,"217":5.0,"218":5.0,"219":5.0,"220":5.0,"221":null,"222":null,"223":null,"224":null,"225":null,"226":null,"227":null,"228":null,"229":null,"230":null,"231":null,"232":null,"233":null,"234":null,"235":null,"236":null,"237":null,"238":null,"239":null,"240":null,"241":null,"242":null,"243":null,"244":null,"245":null,"246":null,"247":null,"248":null,"249":null,"250":null,"251":null,"252":null,"253":null,"254":null,"255":null,"256":null,"257":null,"258":null,"259":null,"260":null,"261":null,"262":null,"263":null,"264":null,"265":null,"266":null,"267":null,"268":null,"269":null,"270":null,"271":null,"272":null,"273":null,"274":null,"275":null,"276":11.0,"277":null,"278":11.0,"279":null,"280":11.0,"281":null,"282":11.0,"283":null,"284":11.0,"285":null,"286":11.0,"287":null,"288":null,"289":null,"290":null,"291":null,"292":null,"293":null,"294":null,"295":null,"296":null,"297":null,"298":11.0,"299":null,"300":11.0,"301":null,"302":11.0,"303":null,"304":11.0,"305":null,"306":11.0,"307":null,"308":11.0},"input_name":{"0":null,"1":null,"2":null,"3":null,"4":null,"5":null,"6":null,"7":null,"8":null,"9":null,"10":null,"11":null,"12":null,"13":null,"14":null,"15":null,"16":null,"17":null,"18":null,"19":null,"20":null,"21":null,"22":null,"23":null,"24":null,"25":null,"26":null,"27":null,"28":null,"29":null,"30":null,"31":null,"32":null,"33":null,"34":null,"35":null,"36":null,"37":null,"38":null,"39":null,"40":null,"41":null,"42":null,"43":null,"44":null,"45":null,"46":null,"47":null,"48":null,"49":null,"50":null,"51":null,"52":null,"53":null,"54":null,"55":null,"56":null,"57":null,"58":null,"59":null,"60":null,"61":null,"62":null,"63":null,"64":null,"65":null,"66":null,"67":null,"68":null,"69":null,"70":null,"71":null,"72":null,"73":null,"74":null,"75":null,"76":null,"77":null,"78":null,"79":null,"80":null,"81":null,"82":null,"83":null,"84":null,"85":null,"86":null,"87":null,"88":null,"89":null,"90":null,"91":null,"92":null,"93":null,"94":null,"95":null,"96":null,"97":null,"98":null,"99":null,"100":null,"101":null,"102":null,"103":null,"104":null,"105":null,"106":null,"107":null,"108":null,"109":null,"110":null,"111":null,"112":null,"113":null,"114":null,"115":null,"116":null,"117":null,"118":null,"119":null,"120":null,"121":null,"122":null,"123":null,"124":null,"125":null,"126":null,"127":null,"128":null,"129":null,"130":null,"131":null,"132":null,"133":null,"134":null,"135":null,"136":null,"137":null,"138":null,"139":null,"140":null,"141":null,"142":null,"143":null,"144":null,"145":null,"146":null,"147":null,"148":null,"149":null,"150":null,"151":null,"152":null,"153":null,"154":null,"155":null,"156":null,"157":null,"158":null,"159":null,"160":null,"161":null,"162":null,"163":null,"164":null,"165":null,"166":null,"167":null,"168":null,"169":null,"170":null,"171":null,"172":null,"173":null,"174":null,"175":null,"176":null,"177":null,"178":null,"179":null,"180":null,"181":null,"182":null,"183":null,"184":null,"185":null,"186":null,"187":null,"188":null,"189":null,"190":null,"191":null,"192":null,"193":null,"194":null,"195":null,"196":null,"197":null,"198":null,"199":null,"200":null,"201":null,"202":null,"203":null,"204":null,"205":null,"206":null,"207":null,"208":null,"209":null,"210":null,"211":null,"212":null,"213":null,"214":null,"215":"DB_165","216":"DB_165","217":"DB_165","218":"DB_165","219":"DB_165","220":"DB_165","221":null,"222":null,"223":null,"224":null,"225":null,"226":null,"227":null,"228":null,"229":null,"230":null,"231":null,"232":null,"233":null,"234":null,"235":null,"236":null,"237":null,"238":null,"239":null,"240":null,"241":null,"242":null,"243":null,"244":null,"245":null,"246":null,"247":null,"248":null,"249":null,"250":null,"251":null,"252":null,"253":null,"254":null,"255":null,"256":null,"257":null,"258":null,"259":null,"260":null,"261":null,"262":null,"263":null,"264":null,"265":null,"266":null,"267":null,"268":null,"269":null,"270":null,"271":null,"272":null,"273":null,"274":null,"275":null,"276":"reC3_03_ext","277":null,"278":"reC3_03_ext","279":null,"280":"reC3_03_ext","281":null,"282":"reC3_03_ext","283":null,"284":"reC3_03_ext","285":null,"286":"reC3_03_ext","287":null,"288":null,"289":null,"290":null,"291":null,"292":null,"293":null,"294":null,"295":null,"296":null,"297":null,"298":"reC3_03_ext","299":null,"300":"reC3_03_ext","301":null,"302":"reC3_03_ext","303":null,"304":"reC3_03_ext","305":null,"306":"reC3_03_ext","307":null,"308":"reC3_03_ext"},"output_id":{"0":null,"1":null,"2":null,"3":null,"4":null,"5":null,"6":null,"7":null,"8":null,"9":null,"10":null,"11":null,"12":null,"13":null,"14":null,"15":null,"16":null,"17":null,"18":null,"19":null,"20":null,"21":null,"22":null,"23":null,"24":null,"25":null,"26":null,"27":null,"28":null,"29":null,"30":null,"31":null,"32":null,"33":null,"34":null,"35":null,"36":null,"37":null,"38":null,"39":null,"40":null,"41":null,"42":null,"43":null,"44":null,"45":null,"46":null,"47":null,"48":null,"49":null,"50":null,"51":null,"52":null,"53":null,"54":null,"55":null,"56":null,"57":null,"58":null,"59":null,"60":null,"61":null,"62":null,"63":null,"64":null,"65":null,"66":null,"67":null,"68":null,"69":null,"70":null,"71":null,"72":null,"73":null,"74":null,"75":null,"76":null,"77":null,"78":null,"79":null,"80":null,"81":null,"82":null,"83":null,"84":null,"85":null,"86":null,"87":null,"88":null,"89":null,"90":null,"91":null,"92":null,"93":null,"94":null,"95":null,"96":null,"97":null,"98":null,"99":null,"100":null,"101":null,"102":null,"103":null,"104":null,"105":null,"106":null,"107":null,"108":null,"109":null,"110":null,"111":null,"112":null,"113":null,"114":null,"115":null,"116":null,"117":null,"118":null,"119":null,"120":null,"121":null,"122":null,"123":null,"124":null,"125":null,"126":null,"127":null,"128":null,"129":null,"130":null,"131":null,"132":null,"133":null,"134":null,"135":null,"136":null,"137":null,"138":null,"139":null,"140":null,"141":null,"142":null,"143":null,"144":null,"145":null,"146":null,"147":null,"148":null,"149":null,"150":null,"151":null,"152":null,"153":null,"154":null,"155":null,"156":null,"157":null,"158":null,"159":null,"160":null,"161":null,"162":null,"163":null,"164":null,"165":null,"166":null,"167":null,"168":null,"169":null,"170":null,"171":null,"172":null,"173":null,"174":null,"175":null,"176":null,"177":null,"178":null,"179":null,"180":null,"181":null,"182":null,"183":null,"184":null,"185":null,"186":null,"187":null,"188":null,"189":null,"190":null,"191":null,"192":null,"193":null,"194":null,"195":null,"196":null,"197":null,"198":null,"199":null,"200":null,"201":null,"202":null,"203":null,"204":null,"205":null,"206":null,"207":null,"208":null,"209":null,"210":null,"211":null,"212":null,"213":null,"214":null,"215":0.0,"216":1.0,"217":2.0,"218":3.0,"219":4.0,"220":5.0,"221":null,"222":null,"223":null,"224":null,"225":null,"226":null,"227":null,"228":null,"229":null,"230":null,"231":null,"232":null,"233":null,"234":null,"235":null,"236":null,"237":null,"238":null,"239":null,"240":null,"241":null,"242":null,"243":null,"244":null,"245":null,"246":null,"247":null,"248":null,"249":null,"250":null,"251":null,"252":null,"253":null,"254":null,"255":null,"256":null,"257":null,"258":null,"259":null,"260":null,"261":null,"262":null,"263":null,"264":null,"265":null,"266":null,"267":null,"268":null,"269":null,"270":null,"271":null,"272":null,"273":null,"274":null,"275":null,"276":1.0,"277":null,"278":3.0,"279":null,"280":5.0,"281":null,"282":7.0,"283":null,"284":9.0,"285":null,"286":11.0,"287":null,"288":null,"289":null,"290":null,"291":null,"292":null,"293":null,"294":null,"295":null,"296":null,"297":null,"298":1.0,"299":null,"300":3.0,"301":null,"302":5.0,"303":null,"304":7.0,"305":null,"306":9.0,"307":null,"308":11.0},"output_name":{"0":null,"1":null,"2":null,"3":null,"4":null,"5":null,"6":null,"7":null,"8":null,"9":null,"10":null,"11":null,"12":null,"13":null,"14":null,"15":null,"16":null,"17":null,"18":null,"19":null,"20":null,"21":null,"22":null,"23":null,"24":null,"25":null,"26":null,"27":null,"28":null,"29":null,"30":null,"31":null,"32":null,"33":null,"34":null,"35":null,"36":null,"37":null,"38":null,"39":null,"40":null,"41":null,"42":null,"43":null,"44":null,"45":null,"46":null,"47":null,"48":null,"49":null,"50":null,"51":null,"52":null,"53":null,"54":null,"55":null,"56":null,"57":null,"58":null,"59":null,"60":null,"61":null,"62":null,"63":null,"64":null,"65":null,"66":null,"67":null,"68":null,"69":null,"70":null,"71":null,"72":null,"73":null,"74":null,"75":null,"76":null,"77":null,"78":null,"79":null,"80":null,"81":null,"82":null,"83":null,"84":null,"85":null,"86":null,"87":null,"88":null,"89":null,"90":null,"91":null,"92":null,"93":null,"94":null,"95":null,"96":null,"97":null,"98":null,"99":null,"100":null,"101":null,"102":null,"103":null,"104":null,"105":null,"106":null,"107":null,"108":null,"109":null,"110":null,"111":null,"112":null,"113":null,"114":null,"115":null,"116":null,"117":null,"118":null,"119":null,"120":null,"121":null,"122":null,"123":null,"124":null,"125":null,"126":null,"127":null,"128":null,"129":null,"130":null,"131":null,"132":null,"133":null,"134":null,"135":null,"136":null,"137":null,"138":null,"139":null,"140":null,"141":null,"142":null,"143":null,"144":null,"145":null,"146":null,"147":null,"148":null,"149":null,"150":null,"151":null,"152":null,"153":null,"154":null,"155":null,"156":null,"157":null,"158":null,"159":null,"160":null,"161":null,"162":null,"163":null,"164":null,"165":null,"166":null,"167":null,"168":null,"169":null,"170":null,"171":null,"172":null,"173":null,"174":null,"175":null,"176":null,"177":null,"178":null,"179":null,"180":null,"181":null,"182":null,"183":null,"184":null,"185":null,"186":null,"187":null,"188":null,"189":null,"190":null,"191":null,"192":null,"193":null,"194":null,"195":null,"196":null,"197":null,"198":null,"199":null,"200":null,"201":null,"202":null,"203":null,"204":null,"205":null,"206":null,"207":null,"208":null,"209":null,"210":null,"211":null,"212":null,"213":null,"214":null,"215":"CAM_01","216":"CAM_02","217":"CAM_03","218":"reC3_01","219":"reC3_02","220":"reC3_03","221":null,"222":null,"223":null,"224":null,"225":null,"226":null,"227":null,"228":null,"229":null,"230":null,"231":null,"232":null,"233":null,"234":null,"235":null,"236":null,"237":null,"238":null,"239":null,"240":null,"241":null,"242":null,"243":null,"244":null,"245":null,"246":null,"247":null,"248":null,"249":null,"250":null,"251":null,"252":null,"253":null,"254":null,"255":null,"256":null,"257":null,"258":null,"259":null,"260":null,"261":null,"262":null,"263":null,"264":null,"265":null,"266":null,"267":null,"268":null,"269":null,"270":null,"271":null,"272":null,"273":null,"274":null,"275":null,"276":"DB_097_CAMMD_CAGATC_L001_R1_001.fastq.gz","277":null,"278":"DB_099_CAMMD_CTTGTA_L001_R1_001.fastq.gz","279":null,"280":"DB_103_CAMMD_AGTCAA_L001_R1_001.fastq.gz","281":null,"282":"DB_161_reC3MD_GTCCGC_L001_R1_001.fastq.gz","283":null,"284":"DB_163_reC3MD_GTGAAA_L001_R1_001.fastq.gz","285":null,"286":"DB_165_re-C3MD_GTGAAA_L002_R1_001.fastq.gz","287":null,"288":null,"289":null,"290":null,"291":null,"292":null,"293":null,"294":null,"295":null,"296":null,"297":null,"298":"DB_097_CAMMD_CAGATC_L001_R1_001.fastq.gz","299":null,"300":"DB_099_CAMMD_CTTGTA_L001_R1_001.fastq.gz","301":null,"302":"DB_103_CAMMD_AGTCAA_L001_R1_001.fastq.gz","303":null,"304":"DB_161_reC3MD_GTCCGC_L001_R1_001.fastq.gz","305":null,"306":"DB_163_reC3MD_GTGAAA_L001_R1_001.fastq.gz","307":null,"308":"DB_165_re-C3MD_GTGAAA_L002_R1_001.fastq.gz"},"derived_from":{"0":null,"1":null,"2":null,"3":null,"4":null,"5":null,"6":null,"7":null,"8":null,"9":null,"10":null,"11":null,"12":null,"13":null,"14":null,"15":null,"16":null,"17":null,"18":null,"19":null,"20":null,"21":null,"22":null,"23":null,"24":null,"25":null,"26":null,"27":null,"28":null,"29":null,"30":null,"31":null,"32":null,"33":null,"34":null,"35":null,"36":null,"37":null,"38":null,"39":null,"40":null,"41":null,"42":null,"43":null,"44":null,"45":null,"46":null,"47":null,"48":null,"49":null,"50":null,"51":null,"52":null,"53":null,"54":null,"55":null,"56":null,"57":null,"58":null,"59":null,"60":null,"61":null,"62":null,"63":null,"64":null,"65":null,"66":null,"67":null,"68":null,"69":null,"70":null,"71":null,"72":null,"73":null,"74":null,"75":null,"76":null,"77":null,"78":null,"79":null,"80":null,"81":null,"82":null,"83":null,"84":null,"85":null,"86":null,"87":null,"88":null,"89":null,"90":null,"91":null,"92":null,"93":null,"94":null,"95":null,"96":null,"97":null,"98":null,"99":null,"100":null,"101":null,"102":null,"103":null,"104":null,"105":null,"106":null,"107":null,"108":null,"109":null,"110":null,"111":null,"112":null,"113":null,"114":null,"115":null,"116":null,"117":null,"118":null,"119":null,"120":null,"121":null,"122":null,"123":null,"124":null,"125":null,"126":null,"127":null,"128":null,"129":null,"130":null,"131":null,"132":null,"133":null,"134":null,"135":null,"136":null,"137":null,"138":null,"139":null,"140":null,"141":null,"142":null,"143":null,"144":null,"145":null,"146":null,"147":null,"148":null,"149":null,"150":null,"151":null,"152":null,"153":null,"154":null,"155":null,"156":null,"157":null,"158":null,"159":null,"160":null,"161":null,"162":null,"163":null,"164":null,"165":null,"166":null,"167":null,"168":null,"169":null,"170":null,"171":null,"172":null,"173":null,"174":null,"175":null,"176":null,"177":null,"178":null,"179":null,"180":null,"181":null,"182":null,"183":null,"184":null,"185":null,"186":null,"187":null,"188":null,"189":null,"190":null,"191":null,"192":null,"193":null,"194":null,"195":null,"196":null,"197":null,"198":null,"199":null,"200":null,"201":null,"202":null,"203":null,"204":null,"205":null,"206":null,"207":null,"208":null,"209":null,"210":null,"211":null,"212":null,"213":null,"214":null,"215":"DB_097","216":"DB_099","217":"DB_103","218":"DB_161","219":"DB_163","220":"DB_165","221":null,"222":null,"223":null,"224":null,"225":null,"226":null,"227":null,"228":null,"229":null,"230":null,"231":null,"232":null,"233":null,"234":null,"235":null,"236":null,"237":null,"238":null,"239":null,"240":null,"241":null,"242":null,"243":null,"244":null,"245":null,"246":null,"247":null,"248":null,"249":null,"250":null,"251":null,"252":null,"253":null,"254":null,"255":null,"256":null,"257":null,"258":null,"259":null,"260":null,"261":null,"262":null,"263":null,"264":null,"265":null,"266":null,"267":null,"268":null,"269":null,"270":null,"271":null,"272":null,"273":null,"274":null,"275":null,"276":null,"277":null,"278":null,"279":null,"280":null,"281":null,"282":null,"283":null,"284":null,"285":null,"286":null,"287":null,"288":null,"289":null,"290":null,"291":null,"292":null,"293":null,"294":null,"295":null,"296":null,"297":null,"298":null,"299":null,"300":null,"301":null,"302":null,"303":null,"304":null,"305":null,"306":null,"307":null,"308":null},"term_type":{"0":"parameter","1":"parameter","2":"parameter","3":"parameter","4":"parameter","5":"parameter","6":"parameter","7":"parameter","8":"parameter","9":"parameter","10":"parameter","11":"parameter","12":"parameter","13":"parameter","14":"parameter","15":"parameter","16":"parameter","17":"parameter","18":"parameter","19":"parameter","20":"parameter","21":"parameter","22":"parameter","23":"parameter","24":"parameter","25":"parameter","26":"parameter","27":"parameter","28":"parameter","29":"parameter","30":"parameter","31":"parameter","32":"parameter","33":"parameter","34":"parameter","35":"parameter","36":"parameter","37":"parameter","38":"parameter","39":"parameter","40":"parameter","41":"parameter","42":"parameter","43":"parameter","44":"parameter","45":"parameter","46":"parameter","47":"parameter","48":"parameter","49":"parameter","50":"parameter","51":"parameter","52":"parameter","53":"parameter","54":"parameter","55":"parameter","56":"parameter","57":"parameter","58":"parameter","59":"parameter","60":"parameter","61":"parameter","62":"parameter","63":"parameter","64":"parameter","65":"parameter","66":"parameter","67":"parameter","68":"parameter","69":"parameter","70":"parameter","71":"parameter","72":"parameter","73":"parameter","74":"parameter","75":"parameter","76":"parameter","77":"parameter","78":"parameter","79":"parameter","80":"parameter","81":"parameter","82":"parameter","83":"parameter","84":"parameter","85":"parameter","86":"parameter","87":"parameter","88":"parameter","89":"parameter","90":"parameter","91":"parameter","92":"parameter","93":"parameter","94":"parameter","95":"parameter","96":"parameter","97":"parameter","98":"parameter","99":"parameter","100":"parameter","101":"parameter","102":"parameter","103":"parameter","104":"parameter","105":"parameter","106":"parameter","107":"parameter","108":"parameter","109":"parameter","110":"parameter","111":"parameter","112":"parameter","113":"parameter","114":"parameter","115":"parameter","116":"parameter","117":"parameter","118":"parameter","119":"parameter","120":"parameter","121":"parameter","122":"parameter","123":"parameter","124":"parameter","125":"parameter","126":"parameter","127":"parameter","128":"parameter","129":"parameter","130":"parameter","131":"parameter","132":"parameter","133":"parameter","134":"parameter","135":"parameter","136":"parameter","137":"parameter","138":"parameter","139":"parameter","140":"parameter","141":"parameter","142":"parameter","143":"parameter","144":"parameter","145":"parameter","146":"parameter","147":"parameter","148":"parameter","149":"parameter","150":"parameter","151":"parameter","152":"parameter","153":"parameter","154":"parameter","155":"parameter","156":"parameter","157":"parameter","158":"parameter","159":"parameter","160":"parameter","161":"parameter","162":"parameter","163":"parameter","164":"parameter","165":"parameter","166":"parameter","167":"parameter","168":"parameter","169":"parameter","170":"parameter","171":"parameter","172":"parameter","173":"parameter","174":"parameter","175":"parameter","176":"parameter","177":"parameter","178":"parameter","179":"parameter","180":"parameter","181":"parameter","182":"parameter","183":"parameter","184":"parameter","185":"parameter","186":"parameter","187":"parameter","188":"parameter","189":"parameter","190":"parameter","191":"parameter","192":"parameter","193":"parameter","194":"parameter","195":"parameter","196":"parameter","197":"parameter","198":"parameter","199":"parameter","200":"parameter","201":"parameter","202":"parameter","203":"parameter","204":"parameter","205":"parameter","206":"parameter","207":"parameter","208":"parameter","209":"parameter","210":"parameter","211":"parameter","212":"parameter","213":"parameter","214":"parameter","215":null,"216":null,"217":null,"218":null,"219":null,"220":null,"221":"parameter","222":"parameter","223":"parameter","224":"parameter","225":"factor","226":"factor","227":"factor","228":"factor","229":"factor","230":"factor","231":"factor","232":"factor","233":"factor","234":"factor","235":"factor","236":"factor","237":"parameter","238":"parameter","239":"parameter","240":"parameter","241":"parameter","242":"parameter","243":"parameter","244":"parameter","245":"parameter","246":"parameter","247":"parameter","248":"parameter","249":"parameter","250":"parameter","251":"factor","252":"factor","253":"factor","254":"factor","255":"factor","256":"factor","257":"factor","258":"factor","259":"factor","260":"factor","261":"factor","262":"factor","263":"factor","264":"factor","265":"factor","266":"factor","267":"factor","268":"factor","269":"factor","270":"factor","271":"factor","272":"factor","273":"factor","274":"factor","275":"factor","276":"Raw Data File","277":"factor","278":"Raw Data File","279":"factor","280":"Raw Data File","281":"factor","282":"Raw Data File","283":"factor","284":"Raw Data File","285":"factor","286":"Raw Data File","287":"parameter","288":"parameter","289":"parameter","290":"parameter","291":"parameter","292":"parameter","293":"parameter","294":"parameter","295":"parameter","296":"parameter","297":"factor","298":"Raw Data File","299":"factor","300":"Raw Data File","301":"factor","302":"Raw Data File","303":"factor","304":"Raw Data File","305":"factor","306":"Raw Data File","307":"factor","308":"Raw Data File"},"term_name":{"0":"growth chamber company","1":"Flower pot","2":"Sample Collection Method","3":"Metabolism quenching method","4":"Sample storage","5":"Sample type","6":"Biological replicate","7":"Organism","8":"Isolate","9":"Cultivar","10":"Ecotype","11":"Genotype","12":"population","13":"Organism part","14":"Cell line","15":"Cell type","16":"age","17":"Developmental Stage","18":"Plant disease","19":"Plant disease stage","20":"Phenotype","21":"whole plant size","22":"study type","23":"plant growth medium exposure","24":"growth plot design","25":"Growth day length","26":"light intensity exposure","27":"Humidity Day","28":"Humidity Night","29":"Temperature Day","30":"Temperature Night","31":"watering exposure","32":"plant nutrient exposure","33":"abiotic plant exposure","34":"biotic plant exposure","35":"Geographic Area","36":"Sample Collection Date","37":"Sample Collected By","38":"Time point","39":"Photosynthesis mode","40":"Sample type","41":"Biological replicate","42":"Organism","43":"Isolate","44":"Cultivar","45":"Ecotype","46":"Genotype","47":"population","48":"Organism part","49":"Cell line","50":"Cell type","51":"age","52":"Developmental Stage","53":"Plant disease","54":"Plant disease stage","55":"Phenotype","56":"whole plant size","57":"study type","58":"plant growth medium exposure","59":"growth plot design","60":"Growth day length","61":"light intensity exposure","62":"Humidity Day","63":"Humidity Night","64":"Temperature Day","65":"Temperature Night","66":"watering exposure","67":"plant nutrient exposure","68":"abiotic plant exposure","69":"biotic plant exposure","70":"Geographic Area","71":"Sample Collection Date","72":"Sample Collected By","73":"Time point","74":"Photosynthesis mode","75":"Sample type","76":"Biological replicate","77":"Organism","78":"Isolate","79":"Cultivar","80":"Ecotype","81":"Genotype","82":"population","83":"Organism part","84":"Cell line","85":"Cell type","86":"age","87":"Developmental Stage","88":"Plant disease","89":"Plant disease stage","90":"Phenotype","91":"whole plant size","92":"study type","93":"plant growth medium exposure","94":"growth plot design","95":"Growth day length","96":"light intensity exposure","97":"Humidity Day","98":"Humidity Night","99":"Temperature Day","100":"Temperature Night","101":"watering exposure","102":"plant nutrient exposure","103":"abiotic plant exposure","104":"biotic plant exposure","105":"Geographic Area","106":"Sample Collection Date","107":"Sample Collected By","108":"Time point","109":"Photosynthesis mode","110":"Sample type","111":"Biological replicate","112":"Organism","113":"Isolate","114":"Cultivar","115":"Ecotype","116":"Genotype","117":"population","118":"Organism part","119":"Cell line","120":"Cell type","121":"age","122":"Developmental Stage","123":"Plant disease","124":"Plant disease stage","125":"Phenotype","126":"whole plant size","127":"study type","128":"plant growth medium exposure","129":"growth plot design","130":"Growth day length","131":"light intensity exposure","132":"Humidity Day","133":"Humidity Night","134":"Temperature Day","135":"Temperature Night","136":"watering exposure","137":"plant nutrient exposure","138":"abiotic plant exposure","139":"biotic plant exposure","140":"Geographic Area","141":"Sample Collection Date","142":"Sample Collected By","143":"Time point","144":"Photosynthesis mode","145":"Sample type","146":"Biological replicate","147":"Organism","148":"Isolate","149":"Cultivar","150":"Ecotype","151":"Genotype","152":"population","153":"Organism part","154":"Cell line","155":"Cell type","156":"age","157":"Developmental Stage","158":"Plant disease","159":"Plant disease stage","160":"Phenotype","161":"whole plant size","162":"study type","163":"plant growth medium exposure","164":"growth plot design","165":"Growth day length","166":"light intensity exposure","167":"Humidity Day","168":"Humidity Night","169":"Temperature Day","170":"Temperature Night","171":"watering exposure","172":"plant nutrient exposure","173":"abiotic plant exposure","174":"biotic plant exposure","175":"Geographic Area","176":"Sample Collection Date","177":"Sample Collected By","178":"Time point","179":"Photosynthesis mode","180":"Sample type","181":"Biological replicate","182":"Organism","183":"Isolate","184":"Cultivar","185":"Ecotype","186":"Genotype","187":"population","188":"Organism part","189":"Cell line","190":"Cell type","191":"age","192":"Developmental Stage","193":"Plant disease","194":"Plant disease stage","195":"Phenotype","196":"whole plant size","197":"study type","198":"plant growth medium exposure","199":"growth plot design","200":"Growth day length","201":"light intensity exposure","202":"Humidity Day","203":"Humidity Night","204":"Temperature Day","205":"Temperature Night","206":"watering exposure","207":"plant nutrient exposure","208":"abiotic plant exposure","209":"biotic plant exposure","210":"Geographic Area","211":"Sample Collection Date","212":"Sample Collected By","213":"Time point","214":"Photosynthesis mode","215":null,"216":null,"217":null,"218":null,"219":null,"220":null,"221":"Bio entity","222":"Extraction method","223":"Extraction buffer","224":"Extraction buffer volume","225":"Biosource amount","226":"RNA quality check","227":"Biosource amount","228":"RNA quality check","229":"Biosource amount","230":"RNA quality check","231":"Biosource amount","232":"RNA quality check","233":"Biosource amount","234":"RNA quality check","235":"Biosource amount","236":"RNA quality check","237":"Library strategy","238":"Library Selection","239":"Library layout","240":"rRNA Depletion","241":"Library preparation kit","242":"Library preparation kit version","243":"Library RNA amount","244":"Next generation sequencing instrument model","245":"Base-calling Software","246":"Base-calling Software Version","247":"Base-calling Software Parameters","248":"Library strand","249":"Raw data file format","250":"Raw data file checksum","251":"Biosource amount","252":"RNA quality check","253":"Biosource amount","254":"RNA quality check","255":"Biosource amount","256":"RNA quality check","257":"Biosource amount","258":"RNA quality check","259":"Biosource amount","260":"RNA quality check","261":"Biosource amount","262":"RNA quality check","263":"Biosource amount","264":"RNA quality check","265":"Biosource amount","266":"RNA quality check","267":"Biosource amount","268":"RNA quality check","269":"Biosource amount","270":"RNA quality check","271":"Biosource amount","272":"RNA quality check","273":"Biosource amount","274":"RNA quality check","275":"Adapter sequence","276":null,"277":"Adapter sequence","278":null,"279":"Adapter sequence","280":null,"281":"Adapter sequence","282":null,"283":"Adapter sequence","284":null,"285":"Adapter sequence","286":null,"287":"Data filtering software","288":"Data filtering software version","289":"Data filtering Software Parameters","290":"Read Alignment Software","291":"Read Alignment Software Version","292":"Read Alignment Software Parameters","293":"Genome reference sequence","294":"Processed data file name","295":"Processed data file format","296":"Processed data file checksum","297":"Adapter sequence","298":null,"299":"Adapter sequence","300":null,"301":"Adapter sequence","302":null,"303":"Adapter sequence","304":null,"305":"Adapter sequence","306":null,"307":"Adapter sequence","308":null},"term_source":{"0":null,"1":null,"2":"NFDI4PSO","3":"NFDI4PSO","4":"NFDI4PSO","5":"NFDI4PSO","6":"NFDI4PSO","7":"NFDI4PSO","8":"NFDI4PSO","9":"NFDI4PSO","10":"NFDI4PSO","11":"NFDI4PSO","12":"OBI","13":"NFDI4PSO","14":"NFDI4PSO","15":"NFDI4PSO","16":"NFDI4PSO","17":"NFDI4PSO","18":"NFDI4PSO","19":"NFDI4PSO","20":"NFDI4PSO","21":"TO","22":"PECO","23":"PECO","24":"NFDI4PSO","25":"NFDI4PSO","26":"PECO","27":"NFDI4PSO","28":"NFDI4PSO","29":"NFDI4PSO","30":"NFDI4PSO","31":"PECO","32":"PECO","33":"PECO","34":"PECO","35":"NFDI4PSO","36":"NFDI4PSO","37":"NFDI4PSO","38":"NFDI4PSO","39":null,"40":"NFDI4PSO","41":"NFDI4PSO","42":"NFDI4PSO","43":"NFDI4PSO","44":"NFDI4PSO","45":"NFDI4PSO","46":"NFDI4PSO","47":"OBI","48":"NFDI4PSO","49":"NFDI4PSO","50":"NFDI4PSO","51":"NFDI4PSO","52":"NFDI4PSO","53":"NFDI4PSO","54":"NFDI4PSO","55":"NFDI4PSO","56":"TO","57":"PECO","58":"PECO","59":"NFDI4PSO","60":"NFDI4PSO","61":"PECO","62":"NFDI4PSO","63":"NFDI4PSO","64":"NFDI4PSO","65":"NFDI4PSO","66":"PECO","67":"PECO","68":"PECO","69":"PECO","70":"NFDI4PSO","71":"NFDI4PSO","72":"NFDI4PSO","73":"NFDI4PSO","74":null,"75":"NFDI4PSO","76":"NFDI4PSO","77":"NFDI4PSO","78":"NFDI4PSO","79":"NFDI4PSO","80":"NFDI4PSO","81":"NFDI4PSO","82":"OBI","83":"NFDI4PSO","84":"NFDI4PSO","85":"NFDI4PSO","86":"NFDI4PSO","87":"NFDI4PSO","88":"NFDI4PSO","89":"NFDI4PSO","90":"NFDI4PSO","91":"TO","92":"PECO","93":"PECO","94":"NFDI4PSO","95":"NFDI4PSO","96":"PECO","97":"NFDI4PSO","98":"NFDI4PSO","99":"NFDI4PSO","100":"NFDI4PSO","101":"PECO","102":"PECO","103":"PECO","104":"PECO","105":"NFDI4PSO","106":"NFDI4PSO","107":"NFDI4PSO","108":"NFDI4PSO","109":null,"110":"NFDI4PSO","111":"NFDI4PSO","112":"NFDI4PSO","113":"NFDI4PSO","114":"NFDI4PSO","115":"NFDI4PSO","116":"NFDI4PSO","117":"OBI","118":"NFDI4PSO","119":"NFDI4PSO","120":"NFDI4PSO","121":"NFDI4PSO","122":"NFDI4PSO","123":"NFDI4PSO","124":"NFDI4PSO","125":"NFDI4PSO","126":"TO","127":"PECO","128":"PECO","129":"NFDI4PSO","130":"NFDI4PSO","131":"PECO","132":"NFDI4PSO","133":"NFDI4PSO","134":"NFDI4PSO","135":"NFDI4PSO","136":"PECO","137":"PECO","138":"PECO","139":"PECO","140":"NFDI4PSO","141":"NFDI4PSO","142":"NFDI4PSO","143":"NFDI4PSO","144":null,"145":"NFDI4PSO","146":"NFDI4PSO","147":"NFDI4PSO","148":"NFDI4PSO","149":"NFDI4PSO","150":"NFDI4PSO","151":"NFDI4PSO","152":"OBI","153":"NFDI4PSO","154":"NFDI4PSO","155":"NFDI4PSO","156":"NFDI4PSO","157":"NFDI4PSO","158":"NFDI4PSO","159":"NFDI4PSO","160":"NFDI4PSO","161":"TO","162":"PECO","163":"PECO","164":"NFDI4PSO","165":"NFDI4PSO","166":"PECO","167":"NFDI4PSO","168":"NFDI4PSO","169":"NFDI4PSO","170":"NFDI4PSO","171":"PECO","172":"PECO","173":"PECO","174":"PECO","175":"NFDI4PSO","176":"NFDI4PSO","177":"NFDI4PSO","178":"NFDI4PSO","179":null,"180":"NFDI4PSO","181":"NFDI4PSO","182":"NFDI4PSO","183":"NFDI4PSO","184":"NFDI4PSO","185":"NFDI4PSO","186":"NFDI4PSO","187":"OBI","188":"NFDI4PSO","189":"NFDI4PSO","190":"NFDI4PSO","191":"NFDI4PSO","192":"NFDI4PSO","193":"NFDI4PSO","194":"NFDI4PSO","195":"NFDI4PSO","196":"TO","197":"PECO","198":"PECO","199":"NFDI4PSO","200":"NFDI4PSO","201":"PECO","202":"NFDI4PSO","203":"NFDI4PSO","204":"NFDI4PSO","205":"NFDI4PSO","206":"PECO","207":"PECO","208":"PECO","209":"PECO","210":"NFDI4PSO","211":"NFDI4PSO","212":"NFDI4PSO","213":"NFDI4PSO","214":null,"215":null,"216":null,"217":null,"218":null,"219":null,"220":null,"221":"NFDI4PSO","222":"NFDI4PSO","223":"NFDI4PSO","224":"NFDI4PSO","225":"NFDI4PSO","226":"NFDI4PSO","227":"NFDI4PSO","228":"NFDI4PSO","229":"NFDI4PSO","230":"NFDI4PSO","231":"NFDI4PSO","232":"NFDI4PSO","233":"NFDI4PSO","234":"NFDI4PSO","235":"NFDI4PSO","236":"NFDI4PSO","237":"NFDI4PSO","238":"NFDI4PSO","239":null,"240":null,"241":"NFDI4PSO","242":"NFDI4PSO","243":"NFDI4PSO","244":"NFDI4PSO","245":"NFDI4PSO","246":"NFDI4PSO","247":"NFDI4PSO","248":"NFDI4PSO","249":"NFDI4PSO","250":"NFDI4PSO","251":"NFDI4PSO","252":"NFDI4PSO","253":"NFDI4PSO","254":"NFDI4PSO","255":"NFDI4PSO","256":"NFDI4PSO","257":"NFDI4PSO","258":"NFDI4PSO","259":"NFDI4PSO","260":"NFDI4PSO","261":"NFDI4PSO","262":"NFDI4PSO","263":"NFDI4PSO","264":"NFDI4PSO","265":"NFDI4PSO","266":"NFDI4PSO","267":"NFDI4PSO","268":"NFDI4PSO","269":"NFDI4PSO","270":"NFDI4PSO","271":"NFDI4PSO","272":"NFDI4PSO","273":"NFDI4PSO","274":"NFDI4PSO","275":"NFDI4PSO","276":null,"277":"NFDI4PSO","278":null,"279":"NFDI4PSO","280":null,"281":"NFDI4PSO","282":null,"283":"NFDI4PSO","284":null,"285":"NFDI4PSO","286":null,"287":"NFDI4PSO","288":"NFDI4PSO","289":"NFDI4PSO","290":"NFDI4PSO","291":"NFDI4PSO","292":"NFDI4PSO","293":"NFDI4PSO","294":"NFDI4PSO","295":"NFDI4PSO","296":"NFDI4PSO","297":"NFDI4PSO","298":null,"299":"NFDI4PSO","300":null,"301":"NFDI4PSO","302":null,"303":"NFDI4PSO","304":null,"305":"NFDI4PSO","306":null,"307":"NFDI4PSO","308":null},"term_accession":{"0":null,"1":null,"2":"http:\/\/purl.obolibrary.org\/obo\/NFDI4PSO_0000009","3":"http:\/\/purl.obolibrary.org\/obo\/NFDI4PSO_0000010","4":"http:\/\/purl.obolibrary.org\/obo\/NFDI4PSO_0000011","5":"http:\/\/purl.obolibrary.org\/obo\/NFDI4PSO_0000064","6":"http:\/\/purl.obolibrary.org\/obo\/NFDI4PSO_0000042","7":"http:\/\/purl.obolibrary.org\/obo\/NFDI4PSO_0000030","8":"http:\/\/purl.obolibrary.org\/obo\/NFDI4PSO_0000065","9":"http:\/\/purl.obolibrary.org\/obo\/NFDI4PSO_0000066","10":"http:\/\/purl.obolibrary.org\/obo\/NFDI4PSO_0000067","11":"http:\/\/purl.obolibrary.org\/obo\/NFDI4PSO_0000031","12":"http:\/\/purl.obolibrary.org\/obo\/OBI_0000181","13":"http:\/\/purl.obolibrary.org\/obo\/NFDI4PSO_0000032","14":"http:\/\/purl.obolibrary.org\/obo\/NFDI4PSO_0000068","15":"http:\/\/purl.obolibrary.org\/obo\/NFDI4PSO_0000069","16":"http:\/\/purl.obolibrary.org\/obo\/NFDI4PSO_0000033","17":"http:\/\/purl.obolibrary.org\/obo\/NFDI4PSO_0000070","18":"http:\/\/purl.obolibrary.org\/obo\/NFDI4PSO_0000071","19":"http:\/\/purl.obolibrary.org\/obo\/NFDI4PSO_0000072","20":"http:\/\/purl.obolibrary.org\/obo\/NFDI4PSO_0000073","21":"http:\/\/purl.obolibrary.org\/obo\/TO_1000012","22":"http:\/\/purl.obolibrary.org\/obo\/PECO_0007231","23":"http:\/\/purl.obolibrary.org\/obo\/PECO_0007147","24":"http:\/\/purl.obolibrary.org\/obo\/NFDI4PSO_0000001","25":"http:\/\/purl.obolibrary.org\/obo\/NFDI4PSO_0000041","26":"http:\/\/purl.obolibrary.org\/obo\/PECO_0007224","27":"http:\/\/purl.obolibrary.org\/obo\/NFDI4PSO_0000005","28":"http:\/\/purl.obolibrary.org\/obo\/NFDI4PSO_0000006","29":"http:\/\/purl.obolibrary.org\/obo\/NFDI4PSO_0000007","30":"http:\/\/purl.obolibrary.org\/obo\/NFDI4PSO_0000008","31":"http:\/\/purl.obolibrary.org\/obo\/PECO_0007383","32":"http:\/\/purl.obolibrary.org\/obo\/PECO_0007241","33":"http:\/\/purl.obolibrary.org\/obo\/PECO_0007191","34":"http:\/\/purl.obolibrary.org\/obo\/PECO_0007357","35":"http:\/\/purl.obolibrary.org\/obo\/NFDI4PSO_0000074","36":"http:\/\/purl.obolibrary.org\/obo\/NFDI4PSO_0000075","37":"http:\/\/purl.obolibrary.org\/obo\/NFDI4PSO_0000076","38":"http:\/\/purl.obolibrary.org\/obo\/NFDI4PSO_0000034","39":null,"40":"http:\/\/purl.obolibrary.org\/obo\/NFDI4PSO_0000064","41":"http:\/\/purl.obolibrary.org\/obo\/NFDI4PSO_0000042","42":"http:\/\/purl.obolibrary.org\/obo\/NFDI4PSO_0000030","43":"http:\/\/purl.obolibrary.org\/obo\/NFDI4PSO_0000065","44":"http:\/\/purl.obolibrary.org\/obo\/NFDI4PSO_0000066","45":"http:\/\/purl.obolibrary.org\/obo\/NFDI4PSO_0000067","46":"http:\/\/purl.obolibrary.org\/obo\/NFDI4PSO_0000031","47":"http:\/\/purl.obolibrary.org\/obo\/OBI_0000181","48":"http:\/\/purl.obolibrary.org\/obo\/NFDI4PSO_0000032","49":"http:\/\/purl.obolibrary.org\/obo\/NFDI4PSO_0000068","50":"http:\/\/purl.obolibrary.org\/obo\/NFDI4PSO_0000069","51":"http:\/\/purl.obolibrary.org\/obo\/NFDI4PSO_0000033","52":"http:\/\/purl.obolibrary.org\/obo\/NFDI4PSO_0000070","53":"http:\/\/purl.obolibrary.org\/obo\/NFDI4PSO_0000071","54":"http:\/\/purl.obolibrary.org\/obo\/NFDI4PSO_0000072","55":"http:\/\/purl.obolibrary.org\/obo\/NFDI4PSO_0000073","56":"http:\/\/purl.obolibrary.org\/obo\/TO_1000012","57":"http:\/\/purl.obolibrary.org\/obo\/PECO_0007231","58":"http:\/\/purl.obolibrary.org\/obo\/PECO_0007147","59":"http:\/\/purl.obolibrary.org\/obo\/NFDI4PSO_0000001","60":"http:\/\/purl.obolibrary.org\/obo\/NFDI4PSO_0000041","61":"http:\/\/purl.obolibrary.org\/obo\/PECO_0007224","62":"http:\/\/purl.obolibrary.org\/obo\/NFDI4PSO_0000005","63":"http:\/\/purl.obolibrary.org\/obo\/NFDI4PSO_0000006","64":"http:\/\/purl.obolibrary.org\/obo\/NFDI4PSO_0000007","65":"http:\/\/purl.obolibrary.org\/obo\/NFDI4PSO_0000008","66":"http:\/\/purl.obolibrary.org\/obo\/PECO_0007383","67":"http:\/\/purl.obolibrary.org\/obo\/PECO_0007241","68":"http:\/\/purl.obolibrary.org\/obo\/PECO_0007191","69":"http:\/\/purl.obolibrary.org\/obo\/PECO_0007357","70":"http:\/\/purl.obolibrary.org\/obo\/NFDI4PSO_0000074","71":"http:\/\/purl.obolibrary.org\/obo\/NFDI4PSO_0000075","72":"http:\/\/purl.obolibrary.org\/obo\/NFDI4PSO_0000076","73":"http:\/\/purl.obolibrary.org\/obo\/NFDI4PSO_0000034","74":null,"75":"http:\/\/purl.obolibrary.org\/obo\/NFDI4PSO_0000064","76":"http:\/\/purl.obolibrary.org\/obo\/NFDI4PSO_0000042","77":"http:\/\/purl.obolibrary.org\/obo\/NFDI4PSO_0000030","78":"http:\/\/purl.obolibrary.org\/obo\/NFDI4PSO_0000065","79":"http:\/\/purl.obolibrary.org\/obo\/NFDI4PSO_0000066","80":"http:\/\/purl.obolibrary.org\/obo\/NFDI4PSO_0000067","81":"http:\/\/purl.obolibrary.org\/obo\/NFDI4PSO_0000031","82":"http:\/\/purl.obolibrary.org\/obo\/OBI_0000181","83":"http:\/\/purl.obolibrary.org\/obo\/NFDI4PSO_0000032","84":"http:\/\/purl.obolibrary.org\/obo\/NFDI4PSO_0000068","85":"http:\/\/purl.obolibrary.org\/obo\/NFDI4PSO_0000069","86":"http:\/\/purl.obolibrary.org\/obo\/NFDI4PSO_0000033","87":"http:\/\/purl.obolibrary.org\/obo\/NFDI4PSO_0000070","88":"http:\/\/purl.obolibrary.org\/obo\/NFDI4PSO_0000071","89":"http:\/\/purl.obolibrary.org\/obo\/NFDI4PSO_0000072","90":"http:\/\/purl.obolibrary.org\/obo\/NFDI4PSO_0000073","91":"http:\/\/purl.obolibrary.org\/obo\/TO_1000012","92":"http:\/\/purl.obolibrary.org\/obo\/PECO_0007231","93":"http:\/\/purl.obolibrary.org\/obo\/PECO_0007147","94":"http:\/\/purl.obolibrary.org\/obo\/NFDI4PSO_0000001","95":"http:\/\/purl.obolibrary.org\/obo\/NFDI4PSO_0000041","96":"http:\/\/purl.obolibrary.org\/obo\/PECO_0007224","97":"http:\/\/purl.obolibrary.org\/obo\/NFDI4PSO_0000005","98":"http:\/\/purl.obolibrary.org\/obo\/NFDI4PSO_0000006","99":"http:\/\/purl.obolibrary.org\/obo\/NFDI4PSO_0000007","100":"http:\/\/purl.obolibrary.org\/obo\/NFDI4PSO_0000008","101":"http:\/\/purl.obolibrary.org\/obo\/PECO_0007383","102":"http:\/\/purl.obolibrary.org\/obo\/PECO_0007241","103":"http:\/\/purl.obolibrary.org\/obo\/PECO_0007191","104":"http:\/\/purl.obolibrary.org\/obo\/PECO_0007357","105":"http:\/\/purl.obolibrary.org\/obo\/NFDI4PSO_0000074","106":"http:\/\/purl.obolibrary.org\/obo\/NFDI4PSO_0000075","107":"http:\/\/purl.obolibrary.org\/obo\/NFDI4PSO_0000076","108":"http:\/\/purl.obolibrary.org\/obo\/NFDI4PSO_0000034","109":null,"110":"http:\/\/purl.obolibrary.org\/obo\/NFDI4PSO_0000064","111":"http:\/\/purl.obolibrary.org\/obo\/NFDI4PSO_0000042","112":"http:\/\/purl.obolibrary.org\/obo\/NFDI4PSO_0000030","113":"http:\/\/purl.obolibrary.org\/obo\/NFDI4PSO_0000065","114":"http:\/\/purl.obolibrary.org\/obo\/NFDI4PSO_0000066","115":"http:\/\/purl.obolibrary.org\/obo\/NFDI4PSO_0000067","116":"http:\/\/purl.obolibrary.org\/obo\/NFDI4PSO_0000031","117":"http:\/\/purl.obolibrary.org\/obo\/OBI_0000181","118":"http:\/\/purl.obolibrary.org\/obo\/NFDI4PSO_0000032","119":"http:\/\/purl.obolibrary.org\/obo\/NFDI4PSO_0000068","120":"http:\/\/purl.obolibrary.org\/obo\/NFDI4PSO_0000069","121":"http:\/\/purl.obolibrary.org\/obo\/NFDI4PSO_0000033","122":"http:\/\/purl.obolibrary.org\/obo\/NFDI4PSO_0000070","123":"http:\/\/purl.obolibrary.org\/obo\/NFDI4PSO_0000071","124":"http:\/\/purl.obolibrary.org\/obo\/NFDI4PSO_0000072","125":"http:\/\/purl.obolibrary.org\/obo\/NFDI4PSO_0000073","126":"http:\/\/purl.obolibrary.org\/obo\/TO_1000012","127":"http:\/\/purl.obolibrary.org\/obo\/PECO_0007231","128":"http:\/\/purl.obolibrary.org\/obo\/PECO_0007147","129":"http:\/\/purl.obolibrary.org\/obo\/NFDI4PSO_0000001","130":"http:\/\/purl.obolibrary.org\/obo\/NFDI4PSO_0000041","131":"http:\/\/purl.obolibrary.org\/obo\/PECO_0007224","132":"http:\/\/purl.obolibrary.org\/obo\/NFDI4PSO_0000005","133":"http:\/\/purl.obolibrary.org\/obo\/NFDI4PSO_0000006","134":"http:\/\/purl.obolibrary.org\/obo\/NFDI4PSO_0000007","135":"http:\/\/purl.obolibrary.org\/obo\/NFDI4PSO_0000008","136":"http:\/\/purl.obolibrary.org\/obo\/PECO_0007383","137":"http:\/\/purl.obolibrary.org\/obo\/PECO_0007241","138":"http:\/\/purl.obolibrary.org\/obo\/PECO_0007191","139":"http:\/\/purl.obolibrary.org\/obo\/PECO_0007357","140":"http:\/\/purl.obolibrary.org\/obo\/NFDI4PSO_0000074","141":"http:\/\/purl.obolibrary.org\/obo\/NFDI4PSO_0000075","142":"http:\/\/purl.obolibrary.org\/obo\/NFDI4PSO_0000076","143":"http:\/\/purl.obolibrary.org\/obo\/NFDI4PSO_0000034","144":null,"145":"http:\/\/purl.obolibrary.org\/obo\/NFDI4PSO_0000064","146":"http:\/\/purl.obolibrary.org\/obo\/NFDI4PSO_0000042","147":"http:\/\/purl.obolibrary.org\/obo\/NFDI4PSO_0000030","148":"http:\/\/purl.obolibrary.org\/obo\/NFDI4PSO_0000065","149":"http:\/\/purl.obolibrary.org\/obo\/NFDI4PSO_0000066","150":"http:\/\/purl.obolibrary.org\/obo\/NFDI4PSO_0000067","151":"http:\/\/purl.obolibrary.org\/obo\/NFDI4PSO_0000031","152":"http:\/\/purl.obolibrary.org\/obo\/OBI_0000181","153":"http:\/\/purl.obolibrary.org\/obo\/NFDI4PSO_0000032","154":"http:\/\/purl.obolibrary.org\/obo\/NFDI4PSO_0000068","155":"http:\/\/purl.obolibrary.org\/obo\/NFDI4PSO_0000069","156":"http:\/\/purl.obolibrary.org\/obo\/NFDI4PSO_0000033","157":"http:\/\/purl.obolibrary.org\/obo\/NFDI4PSO_0000070","158":"http:\/\/purl.obolibrary.org\/obo\/NFDI4PSO_0000071","159":"http:\/\/purl.obolibrary.org\/obo\/NFDI4PSO_0000072","160":"http:\/\/purl.obolibrary.org\/obo\/NFDI4PSO_0000073","161":"http:\/\/purl.obolibrary.org\/obo\/TO_1000012","162":"http:\/\/purl.obolibrary.org\/obo\/PECO_0007231","163":"http:\/\/purl.obolibrary.org\/obo\/PECO_0007147","164":"http:\/\/purl.obolibrary.org\/obo\/NFDI4PSO_0000001","165":"http:\/\/purl.obolibrary.org\/obo\/NFDI4PSO_0000041","166":"http:\/\/purl.obolibrary.org\/obo\/PECO_0007224","167":"http:\/\/purl.obolibrary.org\/obo\/NFDI4PSO_0000005","168":"http:\/\/purl.obolibrary.org\/obo\/NFDI4PSO_0000006","169":"http:\/\/purl.obolibrary.org\/obo\/NFDI4PSO_0000007","170":"http:\/\/purl.obolibrary.org\/obo\/NFDI4PSO_0000008","171":"http:\/\/purl.obolibrary.org\/obo\/PECO_0007383","172":"http:\/\/purl.obolibrary.org\/obo\/PECO_0007241","173":"http:\/\/purl.obolibrary.org\/obo\/PECO_0007191","174":"http:\/\/purl.obolibrary.org\/obo\/PECO_0007357","175":"http:\/\/purl.obolibrary.org\/obo\/NFDI4PSO_0000074","176":"http:\/\/purl.obolibrary.org\/obo\/NFDI4PSO_0000075","177":"http:\/\/purl.obolibrary.org\/obo\/NFDI4PSO_0000076","178":"http:\/\/purl.obolibrary.org\/obo\/NFDI4PSO_0000034","179":null,"180":"http:\/\/purl.obolibrary.org\/obo\/NFDI4PSO_0000064","181":"http:\/\/purl.obolibrary.org\/obo\/NFDI4PSO_0000042","182":"http:\/\/purl.obolibrary.org\/obo\/NFDI4PSO_0000030","183":"http:\/\/purl.obolibrary.org\/obo\/NFDI4PSO_0000065","184":"http:\/\/purl.obolibrary.org\/obo\/NFDI4PSO_0000066","185":"http:\/\/purl.obolibrary.org\/obo\/NFDI4PSO_0000067","186":"http:\/\/purl.obolibrary.org\/obo\/NFDI4PSO_0000031","187":"http:\/\/purl.obolibrary.org\/obo\/OBI_0000181","188":"http:\/\/purl.obolibrary.org\/obo\/NFDI4PSO_0000032","189":"http:\/\/purl.obolibrary.org\/obo\/NFDI4PSO_0000068","190":"http:\/\/purl.obolibrary.org\/obo\/NFDI4PSO_0000069","191":"http:\/\/purl.obolibrary.org\/obo\/NFDI4PSO_0000033","192":"http:\/\/purl.obolibrary.org\/obo\/NFDI4PSO_0000070","193":"http:\/\/purl.obolibrary.org\/obo\/NFDI4PSO_0000071","194":"http:\/\/purl.obolibrary.org\/obo\/NFDI4PSO_0000072","195":"http:\/\/purl.obolibrary.org\/obo\/NFDI4PSO_0000073","196":"http:\/\/purl.obolibrary.org\/obo\/TO_1000012","197":"http:\/\/purl.obolibrary.org\/obo\/PECO_0007231","198":"http:\/\/purl.obolibrary.org\/obo\/PECO_0007147","199":"http:\/\/purl.obolibrary.org\/obo\/NFDI4PSO_0000001","200":"http:\/\/purl.obolibrary.org\/obo\/NFDI4PSO_0000041","201":"http:\/\/purl.obolibrary.org\/obo\/PECO_0007224","202":"http:\/\/purl.obolibrary.org\/obo\/NFDI4PSO_0000005","203":"http:\/\/purl.obolibrary.org\/obo\/NFDI4PSO_0000006","204":"http:\/\/purl.obolibrary.org\/obo\/NFDI4PSO_0000007","205":"http:\/\/purl.obolibrary.org\/obo\/NFDI4PSO_0000008","206":"http:\/\/purl.obolibrary.org\/obo\/PECO_0007383","207":"http:\/\/purl.obolibrary.org\/obo\/PECO_0007241","208":"http:\/\/purl.obolibrary.org\/obo\/PECO_0007191","209":"http:\/\/purl.obolibrary.org\/obo\/PECO_0007357","210":"http:\/\/purl.obolibrary.org\/obo\/NFDI4PSO_0000074","211":"http:\/\/purl.obolibrary.org\/obo\/NFDI4PSO_0000075","212":"http:\/\/purl.obolibrary.org\/obo\/NFDI4PSO_0000076","213":"http:\/\/purl.obolibrary.org\/obo\/NFDI4PSO_0000034","214":null,"215":null,"216":null,"217":null,"218":null,"219":null,"220":null,"221":"http:\/\/purl.obolibrary.org\/obo\/NFDI4PSO_0000012","222":"http:\/\/purl.obolibrary.org\/obo\/NFDI4PSO_0000054","223":"http:\/\/purl.obolibrary.org\/obo\/NFDI4PSO_0000050","224":"http:\/\/purl.obolibrary.org\/obo\/NFDI4PSO_0000051","225":"http:\/\/purl.obolibrary.org\/obo\/NFDI4PSO_0000013","226":"http:\/\/purl.obolibrary.org\/obo\/NFDI4PSO_0000062","227":"http:\/\/purl.obolibrary.org\/obo\/NFDI4PSO_0000013","228":"http:\/\/purl.obolibrary.org\/obo\/NFDI4PSO_0000062","229":"http:\/\/purl.obolibrary.org\/obo\/NFDI4PSO_0000013","230":"http:\/\/purl.obolibrary.org\/obo\/NFDI4PSO_0000062","231":"http:\/\/purl.obolibrary.org\/obo\/NFDI4PSO_0000013","232":"http:\/\/purl.obolibrary.org\/obo\/NFDI4PSO_0000062","233":"http:\/\/purl.obolibrary.org\/obo\/NFDI4PSO_0000013","234":"http:\/\/purl.obolibrary.org\/obo\/NFDI4PSO_0000062","235":"http:\/\/purl.obolibrary.org\/obo\/NFDI4PSO_0000013","236":"http:\/\/purl.obolibrary.org\/obo\/NFDI4PSO_0000062","237":"http:\/\/purl.obolibrary.org\/obo\/NFDI4PSO_0000035","238":"http:\/\/purl.obolibrary.org\/obo\/NFDI4PSO_0000036","239":null,"240":null,"241":"http:\/\/purl.obolibrary.org\/obo\/NFDI4PSO_0000037","242":"http:\/\/purl.obolibrary.org\/obo\/NFDI4PSO_0000038","243":"http:\/\/purl.obolibrary.org\/obo\/NFDI4PSO_0000016","244":"http:\/\/purl.obolibrary.org\/obo\/NFDI4PSO_0000040","245":"http:\/\/purl.obolibrary.org\/obo\/NFDI4PSO_0000017","246":"http:\/\/purl.obolibrary.org\/obo\/NFDI4PSO_0000018","247":"http:\/\/purl.obolibrary.org\/obo\/NFDI4PSO_0000019","248":"http:\/\/purl.obolibrary.org\/obo\/NFDI4PSO_0000020","249":"http:\/\/purl.obolibrary.org\/obo\/NFDI4PSO_0000021","250":"http:\/\/purl.obolibrary.org\/obo\/NFDI4PSO_0000022","251":"http:\/\/purl.obolibrary.org\/obo\/NFDI4PSO_0000013","252":"http:\/\/purl.obolibrary.org\/obo\/NFDI4PSO_0000062","253":"http:\/\/purl.obolibrary.org\/obo\/NFDI4PSO_0000013","254":"http:\/\/purl.obolibrary.org\/obo\/NFDI4PSO_0000062","255":"http:\/\/purl.obolibrary.org\/obo\/NFDI4PSO_0000013","256":"http:\/\/purl.obolibrary.org\/obo\/NFDI4PSO_0000062","257":"http:\/\/purl.obolibrary.org\/obo\/NFDI4PSO_0000013","258":"http:\/\/purl.obolibrary.org\/obo\/NFDI4PSO_0000062","259":"http:\/\/purl.obolibrary.org\/obo\/NFDI4PSO_0000013","260":"http:\/\/purl.obolibrary.org\/obo\/NFDI4PSO_0000062","261":"http:\/\/purl.obolibrary.org\/obo\/NFDI4PSO_0000013","262":"http:\/\/purl.obolibrary.org\/obo\/NFDI4PSO_0000062","263":"http:\/\/purl.obolibrary.org\/obo\/NFDI4PSO_0000013","264":"http:\/\/purl.obolibrary.org\/obo\/NFDI4PSO_0000062","265":"http:\/\/purl.obolibrary.org\/obo\/NFDI4PSO_0000013","266":"http:\/\/purl.obolibrary.org\/obo\/NFDI4PSO_0000062","267":"http:\/\/purl.obolibrary.org\/obo\/NFDI4PSO_0000013","268":"http:\/\/purl.obolibrary.org\/obo\/NFDI4PSO_0000062","269":"http:\/\/purl.obolibrary.org\/obo\/NFDI4PSO_0000013","270":"http:\/\/purl.obolibrary.org\/obo\/NFDI4PSO_0000062","271":"http:\/\/purl.obolibrary.org\/obo\/NFDI4PSO_0000013","272":"http:\/\/purl.obolibrary.org\/obo\/NFDI4PSO_0000062","273":"http:\/\/purl.obolibrary.org\/obo\/NFDI4PSO_0000013","274":"http:\/\/purl.obolibrary.org\/obo\/NFDI4PSO_0000062","275":"http:\/\/purl.obolibrary.org\/obo\/NFDI4PSO_0000039","276":null,"277":"http:\/\/purl.obolibrary.org\/obo\/NFDI4PSO_0000039","278":null,"279":"http:\/\/purl.obolibrary.org\/obo\/NFDI4PSO_0000039","280":null,"281":"http:\/\/purl.obolibrary.org\/obo\/NFDI4PSO_0000039","282":null,"283":"http:\/\/purl.obolibrary.org\/obo\/NFDI4PSO_0000039","284":null,"285":"http:\/\/purl.obolibrary.org\/obo\/NFDI4PSO_0000039","286":null,"287":"http:\/\/purl.obolibrary.org\/obo\/NFDI4PSO_0000023","288":"http:\/\/purl.obolibrary.org\/obo\/NFDI4PSO_0000024","289":"http:\/\/purl.obolibrary.org\/obo\/NFDI4PSO_0000025","290":"http:\/\/purl.obolibrary.org\/obo\/NFDI4PSO_0000002","291":"http:\/\/purl.obolibrary.org\/obo\/NFDI4PSO_0000003","292":"http:\/\/purl.obolibrary.org\/obo\/NFDI4PSO_0000004","293":"http:\/\/purl.obolibrary.org\/obo\/NFDI4PSO_0000026","294":"http:\/\/purl.obolibrary.org\/obo\/NFDI4PSO_0000028","295":"http:\/\/purl.obolibrary.org\/obo\/NFDI4PSO_0000027","296":"http:\/\/purl.obolibrary.org\/obo\/NFDI4PSO_0000029","297":"http:\/\/purl.obolibrary.org\/obo\/NFDI4PSO_0000039","298":null,"299":"http:\/\/purl.obolibrary.org\/obo\/NFDI4PSO_0000039","300":null,"301":"http:\/\/purl.obolibrary.org\/obo\/NFDI4PSO_0000039","302":null,"303":"http:\/\/purl.obolibrary.org\/obo\/NFDI4PSO_0000039","304":null,"305":"http:\/\/purl.obolibrary.org\/obo\/NFDI4PSO_0000039","306":null,"307":"http:\/\/purl.obolibrary.org\/obo\/NFDI4PSO_0000039","308":null},"index_value":{"0":"18","1":"20","2":"36","3":"37","4":"38","5":"0","6":"1","7":"2","8":"3","9":"4","10":"5","11":"6","12":"7","13":"8","14":"9","15":"10","16":"11","17":"12","18":"13","19":"14","20":"15","21":"16","22":"17","23":"19","24":"21","25":"22","26":"23","27":"24","28":"25","29":"26","30":"27","31":"28","32":"29","33":"30","34":"31","35":"32","36":"33","37":"34","38":"35","39":"39","40":"0","41":"1","42":"2","43":"3","44":"4","45":"5","46":"6","47":"7","48":"8","49":"9","50":"10","51":"11","52":"12","53":"13","54":"14","55":"15","56":"16","57":"17","58":"19","59":"21","60":"22","61":"23","62":"24","63":"25","64":"26","65":"27","66":"28","67":"29","68":"30","69":"31","70":"32","71":"33","72":"34","73":"35","74":"39","75":"0","76":"1","77":"2","78":"3","79":"4","80":"5","81":"6","82":"7","83":"8","84":"9","85":"10","86":"11","87":"12","88":"13","89":"14","90":"15","91":"16","92":"17","93":"19","94":"21","95":"22","96":"23","97":"24","98":"25","99":"26","100":"27","101":"28","102":"29","103":"30","104":"31","105":"32","106":"33","107":"34","108":"35","109":"39","110":"0","111":"1","112":"2","113":"3","114":"4","115":"5","116":"6","117":"7","118":"8","119":"9","120":"10","121":"11","122":"12","123":"13","124":"14","125":"15","126":"16","127":"17","128":"19","129":"21","130":"22","131":"23","132":"24","133":"25","134":"26","135":"27","136":"28","137":"29","138":"30","139":"31","140":"32","141":"33","142":"34","143":"35","144":"39","145":"0","146":"1","147":"2","148":"3","149":"4","150":"5","151":"6","152":"7","153":"8","154":"9","155":"10","156":"11","157":"12","158":"13","159":"14","160":"15","161":"16","162":"17","163":"19","164":"21","165":"22","166":"23","167":"24","168":"25","169":"26","170":"27","171":"28","172":"29","173":"30","174":"31","175":"32","176":"33","177":"34","178":"35","179":"39","180":"0","181":"1","182":"2","183":"3","184":"4","185":"5","186":"6","187":"7","188":"8","189":"9","190":"10","191":"11","192":"12","193":"13","194":"14","195":"15","196":"16","197":"17","198":"19","199":"21","200":"22","201":"23","202":"24","203":"25","204":"26","205":"27","206":"28","207":"29","208":"30","209":"31","210":"32","211":"33","212":"34","213":"35","214":"39","215":null,"216":null,"217":null,"218":null,"219":null,"220":null,"221":"0","222":"2","223":"3","224":"4","225":"1","226":"5","227":"1","228":"5","229":"1","230":"5","231":"1","232":"5","233":"1","234":"5","235":"1","236":"5","237":"0","238":"1","239":"2","240":"3","241":"4","242":"5","243":"7","244":"8","245":"9","246":"10","247":"11","248":"12","249":"13","250":"14","251":"1","252":"5","253":"1","254":"5","255":"1","256":"5","257":"1","258":"5","259":"1","260":"5","261":"1","262":"5","263":"1","264":"5","265":"1","266":"5","267":"1","268":"5","269":"1","270":"5","271":"1","272":"5","273":"1","274":"5","275":"6","276":null,"277":"6","278":null,"279":"6","280":null,"281":"6","282":null,"283":"6","284":null,"285":"6","286":null,"287":"0","288":"1","289":"2","290":"3","291":"4","292":"5","293":"6","294":"7","295":"8","296":"9","297":"6","298":null,"299":"6","300":null,"301":"6","302":null,"303":"6","304":null,"305":"6","306":null,"307":"6","308":null},"value":{"0":"Environmental Growth Chambers, Ohio","1":"Stuewe and Sons \"Short-One\" treepots, 1.6 L","2":null,"3":"Shock-freeze in liquid nitrogen","4":null,"5":null,"6":"rep1","7":"Talinum triangulare","8":null,"9":null,"10":null,"11":null,"12":null,"13":{"annotationValue":"Leaf","termSource":"PO","termAccession":"http:\/\/purl.obolibrary.org\/obo\/PO_0025034"},"14":null,"15":null,"16":"28 days after germination","17":null,"18":null,"19":null,"20":null,"21":null,"22":{"annotationValue":"growth chamber study","termSource":"PECO","termAccession":"http:\/\/purl.obolibrary.org\/obo\/PECO_0007269"},"23":"Miracle-Gro Potting Mix","24":null,"25":"12 hr light \/ 12 hr dark","26":425,"27":37,"28":37,"29":30,"30":22,"31":"12 days drought","32":null,"33":null,"34":null,"35":null,"36":null,"37":null,"38":"6 Zeitgeber time","39":"CAM","40":null,"41":"rep2","42":"Talinum triangulare","43":null,"44":null,"45":null,"46":null,"47":null,"48":{"annotationValue":"Leaf","termSource":"PO","termAccession":"http:\/\/purl.obolibrary.org\/obo\/PO_0025034"},"49":null,"50":null,"51":"28 days after germination","52":null,"53":null,"54":null,"55":null,"56":null,"57":{"annotationValue":"growth chamber study","termSource":"PECO","termAccession":"http:\/\/purl.obolibrary.org\/obo\/PECO_0007269"},"58":"Miracle-Gro Potting Mix","59":null,"60":"12 hr light \/ 12 hr dark","61":425,"62":37,"63":37,"64":30,"65":22,"66":"12 days drought","67":null,"68":null,"69":null,"70":null,"71":null,"72":null,"73":"6 Zeitgeber time","74":"CAM","75":null,"76":"rep3","77":"Talinum triangulare","78":null,"79":null,"80":null,"81":null,"82":null,"83":{"annotationValue":"Leaf","termSource":"PO","termAccession":"http:\/\/purl.obolibrary.org\/obo\/PO_0025034"},"84":null,"85":null,"86":"28 days after germination","87":null,"88":null,"89":null,"90":null,"91":null,"92":{"annotationValue":"growth chamber study","termSource":"PECO","termAccession":"http:\/\/purl.obolibrary.org\/obo\/PECO_0007269"},"93":"Miracle-Gro Potting Mix","94":null,"95":"12 hr light \/ 12 hr dark","96":425,"97":37,"98":37,"99":30,"100":22,"101":"12 days drought","102":null,"103":null,"104":null,"105":null,"106":null,"107":null,"108":"6 Zeitgeber time","109":"CAM","110":null,"111":"rep1","112":"Talinum triangulare","113":null,"114":null,"115":null,"116":null,"117":null,"118":{"annotationValue":"Leaf","termSource":"PO","termAccession":"http:\/\/purl.obolibrary.org\/obo\/PO_0025034"},"119":null,"120":null,"121":"28 days after germination","122":null,"123":null,"124":null,"125":null,"126":null,"127":{"annotationValue":"growth chamber study","termSource":"PECO","termAccession":"http:\/\/purl.obolibrary.org\/obo\/PECO_0007269"},"128":"Miracle-Gro Potting Mix","129":null,"130":"12 hr light \/ 12 hr dark","131":425,"132":37,"133":37,"134":30,"135":22,"136":"2 days rewatered","137":null,"138":null,"139":null,"140":null,"141":null,"142":null,"143":"6 Zeitgeber time","144":"reC3","145":null,"146":"rep2","147":"Talinum triangulare","148":null,"149":null,"150":null,"151":null,"152":null,"153":{"annotationValue":"Leaf","termSource":"PO","termAccession":"http:\/\/purl.obolibrary.org\/obo\/PO_0025034"},"154":null,"155":null,"156":"28 days after germination","157":null,"158":null,"159":null,"160":null,"161":null,"162":{"annotationValue":"growth chamber study","termSource":"PECO","termAccession":"http:\/\/purl.obolibrary.org\/obo\/PECO_0007269"},"163":"Miracle-Gro Potting Mix","164":null,"165":"12 hr light \/ 12 hr dark","166":425,"167":37,"168":37,"169":30,"170":22,"171":"2 days rewatered","172":null,"173":null,"174":null,"175":null,"176":null,"177":null,"178":"6 Zeitgeber time","179":"reC3","180":null,"181":"rep3","182":"Talinum triangulare","183":null,"184":null,"185":null,"186":null,"187":null,"188":{"annotationValue":"Leaf","termSource":"PO","termAccession":"http:\/\/purl.obolibrary.org\/obo\/PO_0025034"},"189":null,"190":null,"191":"28 days after germination","192":null,"193":null,"194":null,"195":null,"196":null,"197":{"annotationValue":"growth chamber study","termSource":"PECO","termAccession":"http:\/\/purl.obolibrary.org\/obo\/PECO_0007269"},"198":"Miracle-Gro Potting Mix","199":null,"200":"12 hr light \/ 12 hr dark","201":425,"202":37,"203":37,"204":30,"205":22,"206":"2 days rewatered","207":null,"208":null,"209":null,"210":null,"211":null,"212":null,"213":"6 Zeitgeber time","214":"reC3","215":null,"216":null,"217":null,"218":null,"219":null,"220":null,"221":"mRNA","222":"Roboklon EURx GeneMATRIX Universal RNA Purification version 2.3 September 2011","223":"Roboklon commercial buffers","224":300,"225":80,"226":"RIN 7.6 (Agilent Bioanalyzer 2100 expert_Plant RNA Nano)","227":78,"228":"RIN 7.7 (Agilent Bioanalyzer 2100 expert_Plant RNA Nano)","229":93,"230":"RIN 6.5 (Agilent Bioanalyzer 2100 expert_Plant RNA Nano)","231":82,"232":"RIN 7.8 (Agilent Bioanalyzer 2100 expert_Plant RNA Nano)","233":96,"234":"RIN 7.6 (Agilent Bioanalyzer 2100 expert_Plant RNA Nano)","235":78,"236":"RIN 7.6 (Agilent Bioanalyzer 2100 expert_Plant RNA Nano)","237":"RNA-Seq","238":"cDNA method","239":"single","240":"DNase (New England Biolabs)","241":"Illumina TruSeq RNA Sample Prep Kit","242":"version 2","243":null,"244":"Illumina HiSeq 2000 Rapid Run","245":"Illumina Cassava","246":"v1.8.2","247":null,"248":"Forward","249":"*.fastq.gz","250":null,"251":80,"252":"RIN 7.6 (Agilent Bioanalyzer 2100 expert_Plant RNA Nano)","253":80,"254":"RIN 7.6 (Agilent Bioanalyzer 2100 expert_Plant RNA Nano)","255":78,"256":"RIN 7.7 (Agilent Bioanalyzer 2100 expert_Plant RNA Nano)","257":78,"258":"RIN 7.7 (Agilent Bioanalyzer 2100 expert_Plant RNA Nano)","259":93,"260":"RIN 6.5 (Agilent Bioanalyzer 2100 expert_Plant RNA Nano)","261":93,"262":"RIN 6.5 (Agilent Bioanalyzer 2100 expert_Plant RNA Nano)","263":82,"264":"RIN 7.8 (Agilent Bioanalyzer 2100 expert_Plant RNA Nano)","265":82,"266":"RIN 7.8 (Agilent Bioanalyzer 2100 expert_Plant RNA Nano)","267":96,"268":"RIN 7.6 (Agilent Bioanalyzer 2100 expert_Plant RNA Nano)","269":96,"270":"RIN 7.6 (Agilent Bioanalyzer 2100 expert_Plant RNA Nano)","271":78,"272":"RIN 7.6 (Agilent Bioanalyzer 2100 expert_Plant RNA Nano)","273":78,"274":"RIN 7.6 (Agilent Bioanalyzer 2100 expert_Plant RNA Nano)","275":"CAGATC","276":null,"277":"CTTGTA","278":null,"279":"AGTCAA","280":null,"281":"GTCCGC","282":null,"283":"GTGAAA","284":null,"285":"GTGAAA","286":null,"287":null,"288":null,"289":null,"290":"BLAT","291":null,"292":null,"293":"Arabidopsis TAIR10 CDS","294":null,"295":null,"296":null,"297":"CAGATC","298":null,"299":"CTTGTA","300":null,"301":"AGTCAA","302":null,"303":"GTCCGC","304":null,"305":"GTGAAA","306":null,"307":"GTGAAA","308":null},"ena_id":{"0":"growth chamber company","1":"Flower pot","2":"sample collection device or method","3":"Metabolism quenching method","4":"sample storage temperature","5":"Sample type","6":"Biological replicate","7":"organism common name","8":"isolation and growth condition","9":"Cultivar","10":"Ecotype","11":"genotype","12":"population","13":"Organism part","14":"Cell line","15":"Cell type","16":"age","17":"Developmental Stage","18":"sample health state","19":"sample disease stage","20":"sample phenotype","21":"sample height","22":"study type","23":"plant growth medium","24":"growth plot design","25":"Growth day length","26":"light intensity exposure","27":"Humidity Day","28":"Humidity Night","29":"Temperature Day","30":"Temperature Night","31":"watering regimen","32":"plant nutrient exposure","33":"abiotic plant exposure","34":"biotic plant exposure","35":"geographic location (region and locality)","36":"collection date","37":"collected_by","38":"Time point","39":"Photosynthesis mode","40":"Sample type","41":"Biological replicate","42":"organism common name","43":"isolation and growth condition","44":"Cultivar","45":"Ecotype","46":"genotype","47":"population","48":"Organism part","49":"Cell line","50":"Cell type","51":"age","52":"Developmental Stage","53":"sample health state","54":"sample disease stage","55":"sample phenotype","56":"sample height","57":"study type","58":"plant growth medium","59":"growth plot design","60":"Growth day length","61":"light intensity exposure","62":"Humidity Day","63":"Humidity Night","64":"Temperature Day","65":"Temperature Night","66":"watering regimen","67":"plant nutrient exposure","68":"abiotic plant exposure","69":"biotic plant exposure","70":"geographic location (region and locality)","71":"collection date","72":"collected_by","73":"Time point","74":"Photosynthesis mode","75":"Sample type","76":"Biological replicate","77":"organism common name","78":"isolation and growth condition","79":"Cultivar","80":"Ecotype","81":"genotype","82":"population","83":"Organism part","84":"Cell line","85":"Cell type","86":"age","87":"Developmental Stage","88":"sample health state","89":"sample disease stage","90":"sample phenotype","91":"sample height","92":"study type","93":"plant growth medium","94":"growth plot design","95":"Growth day length","96":"light intensity exposure","97":"Humidity Day","98":"Humidity Night","99":"Temperature Day","100":"Temperature Night","101":"watering regimen","102":"plant nutrient exposure","103":"abiotic plant exposure","104":"biotic plant exposure","105":"geographic location (region and locality)","106":"collection date","107":"collected_by","108":"Time point","109":"Photosynthesis mode","110":"Sample type","111":"Biological replicate","112":"organism common name","113":"isolation and growth condition","114":"Cultivar","115":"Ecotype","116":"genotype","117":"population","118":"Organism part","119":"Cell line","120":"Cell type","121":"age","122":"Developmental Stage","123":"sample health state","124":"sample disease stage","125":"sample phenotype","126":"sample height","127":"study type","128":"plant growth medium","129":"growth plot design","130":"Growth day length","131":"light intensity exposure","132":"Humidity Day","133":"Humidity Night","134":"Temperature Day","135":"Temperature Night","136":"watering regimen","137":"plant nutrient exposure","138":"abiotic plant exposure","139":"biotic plant exposure","140":"geographic location (region and locality)","141":"collection date","142":"collected_by","143":"Time point","144":"Photosynthesis mode","145":"Sample type","146":"Biological replicate","147":"organism common name","148":"isolation and growth condition","149":"Cultivar","150":"Ecotype","151":"genotype","152":"population","153":"Organism part","154":"Cell line","155":"Cell type","156":"age","157":"Developmental Stage","158":"sample health state","159":"sample disease stage","160":"sample phenotype","161":"sample height","162":"study type","163":"plant growth medium","164":"growth plot design","165":"Growth day length","166":"light intensity exposure","167":"Humidity Day","168":"Humidity Night","169":"Temperature Day","170":"Temperature Night","171":"watering regimen","172":"plant nutrient exposure","173":"abiotic plant exposure","174":"biotic plant exposure","175":"geographic location (region and locality)","176":"collection date","177":"collected_by","178":"Time point","179":"Photosynthesis mode","180":"Sample type","181":"Biological replicate","182":"organism common name","183":"isolation and growth condition","184":"Cultivar","185":"Ecotype","186":"genotype","187":"population","188":"Organism part","189":"Cell line","190":"Cell type","191":"age","192":"Developmental Stage","193":"sample health state","194":"sample disease stage","195":"sample phenotype","196":"sample height","197":"study type","198":"plant growth medium","199":"growth plot design","200":"Growth day length","201":"light intensity exposure","202":"Humidity Day","203":"Humidity Night","204":"Temperature Day","205":"Temperature Night","206":"watering regimen","207":"plant nutrient exposure","208":"abiotic plant exposure","209":"biotic plant exposure","210":"geographic location (region and locality)","211":"collection date","212":"collected_by","213":"Time point","214":"Photosynthesis mode","215":null,"216":null,"217":null,"218":null,"219":null,"220":null,"221":"Bio entity","222":"Extraction method","223":"Extraction buffer","224":"Extraction buffer volume","225":"Biosource amount","226":"RNA quality check","227":"Biosource amount","228":"RNA quality check","229":"Biosource amount","230":"RNA quality check","231":"Biosource amount","232":"RNA quality check","233":"Biosource amount","234":"RNA quality check","235":"Biosource amount","236":"RNA quality check","237":"Library strategy","238":"Library Selection","239":"Library layout","240":"rRNA Depletion","241":"Library preparation kit","242":"Library preparation kit version","243":"Library RNA amount","244":"Next generation sequencing instrument model","245":"Base-calling Software","246":"Base-calling Software Version","247":"Base-calling Software Parameters","248":"Library strand","249":"Raw data file format","250":"Raw data file checksum","251":"Biosource amount","252":"RNA quality check","253":"Biosource amount","254":"RNA quality check","255":"Biosource amount","256":"RNA quality check","257":"Biosource amount","258":"RNA quality check","259":"Biosource amount","260":"RNA quality check","261":"Biosource amount","262":"RNA quality check","263":"Biosource amount","264":"RNA quality check","265":"Biosource amount","266":"RNA quality check","267":"Biosource amount","268":"RNA quality check","269":"Biosource amount","270":"RNA quality check","271":"Biosource amount","272":"RNA quality check","273":"Biosource amount","274":"RNA quality check","275":"Adapter sequence","276":null,"277":"Adapter sequence","278":null,"279":"Adapter sequence","280":null,"281":"Adapter sequence","282":null,"283":"Adapter sequence","284":null,"285":"Adapter sequence","286":null,"287":"Data filtering software","288":"Data filtering software version","289":"Data filtering Software Parameters","290":"Read Alignment Software","291":"Read Alignment Software Version","292":"Read Alignment Software Parameters","293":"Genome reference sequence","294":"Processed data file name","295":"Processed data file format","296":"Processed data file checksum","297":"Adapter sequence","298":null,"299":"Adapter sequence","300":null,"301":"Adapter sequence","302":null,"303":"Adapter sequence","304":null,"305":"Adapter sequence","306":null,"307":"Adapter sequence","308":null}}