,template,name,id,term_accession,Unnamed: 4,Unnamed: 5,Field Name,Field Format,(Field Restriction),Requirement,(Units)
0,extration,,,http://purl.obolibrary.org/obo/nan,,,ploidy,free text,,recommended,
1,extration,,,http://purl.obolibrary.org/obo/nan,,,number of replicons,restricted text,regular expression ,recommended,
2,extration,,,http://purl.obolibrary.org/obo/nan,,,extrachromosomal elements,restricted text,regular expression ,optional,
3,extration,,,http://purl.obolibrary.org/obo/nan,,,estimated size,restricted text,regular expression ,recommended,
4,extration,,,http://purl.obolibrary.org/obo/nan,,,sample volume or weight for DNA extraction,restricted text,regular expression ,optional,options
5,sample,Characteristics [Sample Collected By],NFDI4PSO:0000076,http://purl.obolibrary.org/obo/NFDI4PSO_0000076,,,collected_by,free text,,optional,
6,sample,Characteristics [Sample Collection Date],NFDI4PSO:0000075,http://purl.obolibrary.org/obo/NFDI4PSO_0000075,,,collection date,restricted text,regular expression ,mandatory,
7,sample,,,http://purl.obolibrary.org/obo/nan,,,geographic location (altitude),restricted text,regular expression ,optional,m
8,sample,Characteristics [Geographic Area],NFDI4PSO:0000074,http://purl.obolibrary.org/obo/NFDI4PSO_0000074,,,geographic location (country and/or sea),text choice,options,mandatory,
9,sample,Characteristics [Latitude],NFDI4PSO:0002003,http://purl.obolibrary.org/obo/NFDI4PSO_0002003,,,geographic location (latitude),restricted text,regular expression ,mandatory,DD
10,sample,Characteristics [Longitude],NFDI4PSO:0002004,http://purl.obolibrary.org/obo/NFDI4PSO_0002004,,,geographic location (longitude),restricted text,regular expression ,mandatory,DD
11,sample,Characteristics [Geographic Area],NFDI4PSO:0000074,http://purl.obolibrary.org/obo/NFDI4PSO_0000074,,,geographic location (region and locality),free text,,optional,
12,sample,,,http://purl.obolibrary.org/obo/nan,,,identified_by,free text,,optional,
13,sample,,,http://purl.obolibrary.org/obo/nan,,,geographic location (depth),restricted text,regular expression ,optional,m
14,sample,,,http://purl.obolibrary.org/obo/nan,,,environment (biome),free text,,optional,
15,sample,,,http://purl.obolibrary.org/obo/nan,,,environment (feature),free text,,optional,
16,sample,,,http://purl.obolibrary.org/obo/nan,,,geographic location (elevation),restricted text,regular expression ,optional,m
17,sample,,,http://purl.obolibrary.org/obo/nan,,,source material identifiers,free text,,recommended,
18,sample,Parameter [Sample Collection Method],NFDI4PSO:0000009,http://purl.obolibrary.org/obo/NFDI4PSO_0000009,,,sample collection device or method,free text,,optional,
19,sample,,,http://purl.obolibrary.org/obo/nan,,,sample material processing,free text,,optional,
20,sample,Characteristics [Isolate],NFDI4PSO:0000065,http://purl.obolibrary.org/obo/NFDI4PSO_0000065,,,isolation and growth condition,free text,,mandatory,
21,sample,,,http://purl.obolibrary.org/obo/nan,,,propagation,free text,,recommended,
22,sample,,,http://purl.obolibrary.org/obo/nan,,,amount or size of sample collected,restricted text,regular expression ,optional,options
23,sample,,,http://purl.obolibrary.org/obo/nan,,,sample storage duration,restricted text,regular expression ,optional,options
24,sample,Parameter [Sample storage],NFDI4PSO:0000011,http://purl.obolibrary.org/obo/NFDI4PSO_0000011,,,sample storage temperature,restricted text,regular expression ,optional,°C
25,sample,,,http://purl.obolibrary.org/obo/nan,,,sample storage location,free text,,optional,
26,sample,,,http://purl.obolibrary.org/obo/nan,,,sampling time point,free text,,optional,
27,sample,Characteristics [Plant structure],PO:0009011,http://purl.obolibrary.org/obo/PO_0009011,,,plant structure,free text,,mandatory,
28,sample,Characteristics [Plant developmental stage],PO:0009012,http://purl.obolibrary.org/obo/PO_0009012,,,plant developmental stage,free text,,mandatory,
29,sample,,,http://purl.obolibrary.org/obo/nan,,,sampled age,free text,,optional,
30,sample,Characteristics [Phenotype],NFDI4PSO:0000073,http://purl.obolibrary.org/obo/NFDI4PSO_0000073,,,sample phenotype,free text,,optional,
31,sample,Characteristics [Plant disease],NFDI4PSO:0000071,http://purl.obolibrary.org/obo/NFDI4PSO_0000071,,,sample health state,text choice,options,recommended,
32,sample,,,http://purl.obolibrary.org/obo/nan,,,sample disease status,free text,,recommended,
33,sample,Characteristics [Plant disease stage],NFDI4PSO:0000072,http://purl.obolibrary.org/obo/NFDI4PSO_0000072,,,sample disease stage,free text,,optional,
34,sample,,,http://purl.obolibrary.org/obo/nan,,,sample wet mass,free text,,optional,
35,sample,,,http://purl.obolibrary.org/obo/nan,,,sample dry mass,free text,,optional,
36,sample,Characteristics [whole plant size],TO:1000012,http://purl.obolibrary.org/obo/TO_1000012,,,sample height,free text,,optional,
37,sample,,,http://purl.obolibrary.org/obo/nan,,,sample length,free text,,optional,
38,sample,,,http://purl.obolibrary.org/obo/nan,,,growth facility,text choice,options,recommended,
39,sample,,,http://purl.obolibrary.org/obo/nan,,,sample capture status,text choice,options,optional,
40,sample,Characteristics [Genotype],NFDI4PSO:0000031,http://purl.obolibrary.org/obo/NFDI4PSO_0000031,,,genotype,free text,,optional,
41,sample,,,http://purl.obolibrary.org/obo/nan,,,genetic modification,free text,,optional,
42,sample,Characteristics [Organism],NFDI4PSO:0000030,http://purl.obolibrary.org/obo/NFDI4PSO_0000030,,,organism common name,free text,,recommended,
43,sample,,,http://purl.obolibrary.org/obo/nan,,,subspecific genetic lineage rank,free text,,recommended,
44,sample,,,http://purl.obolibrary.org/obo/nan,,,subspecific genetic lineage name,free text,,recommended,
45,sample,,,http://purl.obolibrary.org/obo/nan,,,biological status,free text,,optional,
46,sample,,,http://purl.obolibrary.org/obo/nan,,,organism phenotype,free text,,optional,
47,sample,,,http://purl.obolibrary.org/obo/nan,,,ancestral data,free text,,optional,
48,sample,,,http://purl.obolibrary.org/obo/nan,,,source material description,free text,,optional,
49,sample,,,http://purl.obolibrary.org/obo/nan,,,biotic relationship,free text,,optional,
50,sample,,,http://purl.obolibrary.org/obo/nan,,,growth habit,text choice,options,optional,
51,sample,,,http://purl.obolibrary.org/obo/nan,,,plant sex,free text,,optional,
52,sample,,,http://purl.obolibrary.org/obo/nan,,,climate environment,free text,,optional,
53,sample,,,http://purl.obolibrary.org/obo/nan,,,gaseous environment,free text,,optional,
54,sample,,,http://purl.obolibrary.org/obo/nan,,,seasonal environment,free text,,optional,
55,sample,,,http://purl.obolibrary.org/obo/nan,,,soil_taxonomic/FAO classification,free text,,recommended,
56,sample,,,http://purl.obolibrary.org/obo/nan,,,soil_taxonomic/local classification,free text,,optional,
57,sample,,,http://purl.obolibrary.org/obo/nan,,,soil_taxonomic/local classification method,free text,,optional,
58,sample,,,http://purl.obolibrary.org/obo/nan,,,soil type,text choice,options,optional,
59,sample,,,http://purl.obolibrary.org/obo/nan,,,soil type method,free text,,optional,
60,sample,,,http://purl.obolibrary.org/obo/nan,,,drainage classification,text choice,options,optional,% sand/silt/clay
61,sample,,,http://purl.obolibrary.org/obo/nan,,,texture,free text,,optional,
62,sample,,,http://purl.obolibrary.org/obo/nan,,,texture method,free text,,optional,
63,sample,,,http://purl.obolibrary.org/obo/nan,,,soil water content,free text,,optional,
64,sample,,,http://purl.obolibrary.org/obo/nan,,,soil pH,free text,,recommended,
65,sample,Characteristics [plant growth medium exposure],PECO:0007147,http://purl.obolibrary.org/obo/PECO_0007147,,,plant growth medium,free text,,mandatory,
66,sample,,,http://purl.obolibrary.org/obo/nan,,,rooting conditions,free text,,recommended,
67,sample,,,http://purl.obolibrary.org/obo/nan,,,culture rooting medium,free text,,recommended,
68,sample,,,http://purl.obolibrary.org/obo/nan,,,rooting medium macronutrients,free text,,recommended,
69,sample,,,http://purl.obolibrary.org/obo/nan,,,rooting medium micronutrients,free text,,recommended,
70,sample,,,http://purl.obolibrary.org/obo/nan,,,rooting medium organic supplements,free text,,recommended,
71,sample,,,http://purl.obolibrary.org/obo/nan,,,rooting medium carbon,free text,,recommended,
72,sample,,,http://purl.obolibrary.org/obo/nan,,,rooting medium regulators,free text,,recommended,
73,sample,,,http://purl.obolibrary.org/obo/nan,,,rooting medium solidifier,free text,,recommended,
74,sample,,,http://purl.obolibrary.org/obo/nan,,,rooting medium pH,free text,,recommended,
75,sample,,,http://purl.obolibrary.org/obo/nan,,,air temperature regimen,free text,,recommended,
76,sample,,,http://purl.obolibrary.org/obo/nan,,,antibiotic regimen,free text,,optional,
77,sample,,,http://purl.obolibrary.org/obo/nan,,,chemical mutagen,free text,,optional,
78,sample,,,http://purl.obolibrary.org/obo/nan,,,fertilizer regimen,free text,,optional,
79,sample,,,http://purl.obolibrary.org/obo/nan,,,fungicide regimen,free text,,optional,
80,sample,,,http://purl.obolibrary.org/obo/nan,,,gravity,free text,,optional,
81,sample,,,http://purl.obolibrary.org/obo/nan,,,growth hormone regimen,free text,,optional,
82,sample,,,http://purl.obolibrary.org/obo/nan,,,herbicide regimen,free text,,optional,
83,sample,,,http://purl.obolibrary.org/obo/nan,,,humidity regimen,free text,,optional,
84,sample,,,http://purl.obolibrary.org/obo/nan,,,mineral nutrient regimen,free text,,recommended,
85,sample,,,http://purl.obolibrary.org/obo/nan,,,non-mineral nutrient regimen,free text,,optional,
86,sample,,,http://purl.obolibrary.org/obo/nan,,,pesticide regimen,free text,,optional,
87,sample,,,http://purl.obolibrary.org/obo/nan,,,pH regimen,free text,,optional,
88,sample,,,http://purl.obolibrary.org/obo/nan,,,radiation regimen,free text,,optional,
89,sample,,,http://purl.obolibrary.org/obo/nan,,,rainfall regimen,free text,,optional,
90,sample,,,http://purl.obolibrary.org/obo/nan,,,salt regimen,free text,,optional,
91,sample,,,http://purl.obolibrary.org/obo/nan,,,standing water regimen,free text,,optional,
92,sample,Characteristics [watering exposure],PECO:0007383,http://purl.obolibrary.org/obo/PECO_0007383,,,watering regimen,free text,,recommended,
93,sample,,,http://purl.obolibrary.org/obo/nan,,,water temperature regimen,free text,,optional,
94,sample,,,http://purl.obolibrary.org/obo/nan,,,plant treatment,free text,,recommended,
95,sample,,,http://purl.obolibrary.org/obo/nan,,,light regimen,free text,,recommended,
96,sample,,,http://purl.obolibrary.org/obo/nan,,,biotic regimen,free text,,optional,
97,sample,,,http://purl.obolibrary.org/obo/nan,,,mechanical damage,free text,,optional,
98,sample,,,http://purl.obolibrary.org/obo/nan,,,chemical administration,free text,,optional,
99,sample,,,http://purl.obolibrary.org/obo/nan,,,perturbation,free text,,optional,
