<?xml version="1.0" encoding="UTF-8"?>
<SAMPLE_SET>
  <SAMPLE alias="MT5176" center_name="">
    <TITLE>human gastric microbiota, mucosal</TITLE>
    <SAMPLE_NAME>
      <TAXON_ID>1284369</TAXON_ID>
      <SCIENTIFIC_NAME>stomach metagenome</SCIENTIFIC_NAME>
      <COMMON_NAME></COMMON_NAME>
    </SAMPLE_NAME>
    <SAMPLE_ATTRIBUTES>
      <SAMPLE_ATTRIBUTE>
        <TAG>investigation type</TAG>
        <VALUE>mimarks-survey</VALUE>
      </SAMPLE_ATTRIBUTE>
      <SAMPLE_ATTRIBUTE>
        <TAG>sequencing method</TAG>
        <VALUE>pyrosequencing</VALUE>
      </SAMPLE_ATTRIBUTE>
      <SAMPLE_ATTRIBUTE>
        <TAG>collection date</TAG>
        <VALUE>2010</VALUE>
      </SAMPLE_ATTRIBUTE>
      <SAMPLE_ATTRIBUTE>
        <TAG>host body site</TAG>
        <VALUE>Mucosa of stomach</VALUE>
      </SAMPLE_ATTRIBUTE>
      <SAMPLE_ATTRIBUTE>
        <TAG>human-associated environmental package</TAG>
        <VALUE>human-associated</VALUE>
      </SAMPLE_ATTRIBUTE>
      <SAMPLE_ATTRIBUTE>
        <TAG>geographic location (latitude)</TAG>
        <VALUE>1.81</VALUE>
    	<UNITS>DD</UNITS>
      </SAMPLE_ATTRIBUTE>
      <SAMPLE_ATTRIBUTE>
        <TAG>geographic location (longitude)</TAG>
        <VALUE>-78.76</VALUE>
    	<UNITS>DD</UNITS>
      </SAMPLE_ATTRIBUTE>
      <SAMPLE_ATTRIBUTE>
	    <TAG>geographic location (country and/or sea)</TAG>
    	<VALUE>Colombia</VALUE>
      </SAMPLE_ATTRIBUTE>
      <SAMPLE_ATTRIBUTE>
        <TAG>geographic location (region and locality)</TAG>
        <VALUE>Tumaco</VALUE>
      </SAMPLE_ATTRIBUTE>
      <SAMPLE_ATTRIBUTE>
        <TAG>environment (biome)</TAG>
        <VALUE>coast</VALUE>
      </SAMPLE_ATTRIBUTE>
      <SAMPLE_ATTRIBUTE>
        <TAG>environment (feature)</TAG>
        <VALUE>human-associated habitat</VALUE>
      </SAMPLE_ATTRIBUTE>
      <SAMPLE_ATTRIBUTE>
        <TAG>environment (material)</TAG>
        <VALUE>gastric biopsy</VALUE>
      </SAMPLE_ATTRIBUTE>
      <SAMPLE_ATTRIBUTE>
        <TAG>ENA-CHECKLIST</TAG>
        <VALUE>ERC000037</VALUE>
      </SAMPLE_ATTRIBUTE>
    </SAMPLE_ATTRIBUTES>
  </SAMPLE>
</SAMPLE_SET>